SF,MC,DM,PY
河北,艾河,AHE,aihe
河北,板城,BCH,bancheng
河北,保定东,BDD,baodingdong
河北,北戴河,BDH,beidaihe
河北,保定,BDI,baoding
河北,白涧,BJI,baijian
河北,百里峡,BLX,bailixia
河北,北马圈子,BMZ,beimaquanzi
河北,白旗,BQI,baiqi
河北,北舍,BSH,beishe
河北,泊头,BTO,botou
河北,北屯,BTU,beitun
河北,霸州,BZH,bazhou
河北,承安铺,CAP,chenganpu
河北,承德东,CDD,chengdedong
河北,承德,CDE,chengde
河北,柴沟堡,CGP,chaigoubao
河北,超梁沟,CLG,chaolianggou
河北,昌黎,CLI,changli
河北,磁山,CSH,cishan
河北,磁西,CXI,cixi
河北,磁县,CXI,cixian
河北,朝阳地,CYD,chaoyangdi
河北,沧州,CZH,cangzhou
河北,沧州西,CZX,cangzhouxi
河北,大厂县,DCX,dachangxian
河北,东大坝,DDB,dongdaba
河北,东光,DGU,dongguang
河北,东花园,DHY,donghuayuan
河北,段甲岭,DJL,duanjialing
河北,洞庙河,DMH,dongmiaohe
河北,大盘石,DPS,dapanshi
河北,定兴,DXI,dingxing
河北,东戌,DXU,dongxu
河北,大营镇,DYZ,dayingzhen
河北,定州东,DZD,dingzhoudong
河北,定州,DZH,dingzhou
河北,豆庄,DZH,douzhuang
河北,大杖子,DZZ,dazhangzi
河北,二道沟门,EDM,erdaogoumen
河北,丰南,FNA,fengnan
河北,抚宁,FNI,funing
河北,福山口,FSK,fushankou
河北,福山寺,FSS,fushansi
河北,浮图峪,FTY,futuyu
河北,富庄子,FZZ,fuzhuangzi
河北,固安,GAN,guan
河北,高碑店,GBD,gaobeidian
河北,高碑店东,GBD,gaobeidiandong
河北,藁城,GCH,gaocheng
河北,广德号,GDH,guangdehao
河北,贡家台,GJT,gongjiatai
河北,郭磊庄,GLZ,guoleizhuang
河北,官厅,GTI,guanting
河北,官厅西,GTX,guantingxi
河北,高邑,GYI,gaoyi
河北,高邑西,GYX,gaoyixi
河北,和村,HCU,hecun
河北,邯郸,HDA,handan
河北,邯郸东,HDD,handandong
河北,黄家店,HJD,huangjiadian
河北,河间西,HJX,hejianxi
河北,获鹿所,HLS,huolusuo
河北,获鹿,HLU,huolu
河北,河洛营,HLY,heluoying
河北,韩麻营,HMY,hanmaying
河北,衡水,HSH,hengshui
河北,猴山,HSH,houshan
河北,虎什哈,HSH,hushenha
河北,井店,JDI,jingdian
河北,金沟屯,JGT,jingoutun
河北,纪家沟,JJG,jijiagou
河北,井南,JNA,jingnan
河北,甲山,JSH,jiashan
河北,井陉,JXI,jingxing
河北,晋州,JZH,jinzhou
河北,旧庄窝,JZW,jiuzhuangwo
河北,康城,KCH,kangcheng
河北,孔家庄,KJZ,kongjiazhuang
河北,良村,LCU,liangcun
河北,林村,LCU,lincun
河北,梁底下,LDX,liangdixia
河北,六道河子,LDZ,liudaohezi
河北,廊坊,LFA,langfang
河北,落垡,LFA,luofa
河北,廊坊北,LFB,langfangbei
河北,滦河,LHE,luanhe
河北,龙华,LHU,longhua
河北,隆化,LHU,longhua
河北,滦河沿,LHY,luanheyan
河北,龙家营所,LJS,longjiayingsuo
河北,龙家营,LJY,longjiaying
河北,卢龙,LLO,lulong
河北,滦平,LPI,luanping
河北,流水沟,LSG,liushuigou
河北,狼山,LSH,langshan
河北,螺山,LSH,luoshan
河北,狼窝铺,LWP,langwopu
河北,滦县东,LXD,luanxiandong
河北,滦县,LXI,luanxian
河北,涞源,LYU,laiyuan
河北,庙宫,MGO,miaogong
河北,马柳,MLI,maliu
河北,马铺营,MPY,mapuying
河北,马头,MTO,matou
河北,南城司,NCS,nanchengsi
河北,南大庙,NDM,nandamiao
河北,南宫东,NGD,nangongdong
河北,闹海营,NHY,naohaiying
河北,牛驼,NTU,niutuo
河北,南湾子,NWZ,nanwanzi
河北,南峪,NYU,nanyu
河北,南张村,NZC,nanzhangcun
河北,彭城,PCH,pengcheng
河北,偏店,PDI,piandian
河北,平坊,PFA,pingfang
河北,徘徊北,PHB,paihuaibei
河北,潘家店,PJD,panjiadian
河北,平泉,PQU,pingquan
河北,迁安,QAN,qianan
河北,清风店,QFD,qingfengdian
河北,奇峰塔,QFT,qifengta
河北,清河城,QHC,qinghecheng
河北,秦皇岛,QHD,qinhuangdao
河北,清凉店,QLD,qingliangdian
河北,前磨头,QMT,qianmotou
河北,前苇塘,QWT,qianweitang
河北,青县,QXI,qingxian
河北,任丘,RQI,renqiu
河北,饶阳,RYA,raoyang
河北,上安,SAN,shangan
河北,上板城,SBC,shangbancheng
河北,上板城南,SBN,shangbanchengnan
河北,沙城,SCH,shacheng
河北,上谷,SGU,shanggu
河北,山海关,SHG,shanhaiguan
河北,沙河市,SHS,shaheshi
河北,三河县,SHX,sanhexian
河北,四合永,SHY,siheyong
河北,石家庄北,SJB,shijiazhuangbei
河北,石家庄,SJZ,shijiazhuang
河北,什里店,SLD,shenlidian
河北,沙岭子,SLZ,shalingzi
河北,石郎庄,SLZ,shilangzhuang
河北,肃宁,SNI,suning
河北,三平,SPI,sanping
河北,沙坨子,STZ,shatuozi
河北,涉县,SXI,shexian
河北,沙子河,SZH,shazihe
河北,深州,SZH,shenzhou
河北,唐坊,TFA,tangfang
河北,唐山北,TSB,tangshanbei
河北,唐山,TSH,tangshan
河北,汤头沟,TTG,tangtougou
河北,塔崖驿,TYY,tayayi
河北,文安,WAN,wenan
河北,武安,WAN,wuan
河北,王安镇,WAZ,wanganzhen
河北,五道河,WDH,wudaohe
河北,望都,WDU,wangdu
河北,午汲,WJI,wuji
河北,吴桥,WQI,wuqiao
河北,王瞳,WTO,wangtong
河北,完县,WXI,wanxian
河北,万庄,WZH,wanzhuang
河北,新安村,XAC,xinancun
河北,新保安,XBA,xinbaoan
河北,下板城,XBC,xiabancheng
河北,西八里,XBL,xibali
河北,西大庙,XDM,xidamiao
河北,新固镇,XGZ,xinguzhen
河北,宣化,XHU,xuanhua
河北,下花园,XHY,xiahuayuan
河北,辛集,XJI,xinji
河北,新乐,XLE,xinle
河北,兴隆县,XLX,xinglongxian
河北,新坡,XPO,xinpo
河北,徐水东,XSD,xushuidong
河北,小寺沟,XSG,xiaosigou
河北,徐水,XSH,xushui
河北,邢台,XTA,xingtai
河北,邢台东,XTD,xingtaidong
河北,下台子,XTZ,xiataizi
河北,小西庄,XXZ,xiaoxizhuang
河北,悬钟,XZH,xuanzhong
河北,新杖子,XZZ,xinzhangzi
河北,云彩岭,YCL,yuncailing
河北,杨各庄,YGZ,yanggezhuang
河北,永和,YHE,yonghe
河北,燕郊,YJI,yanjiao
河北,义井,YJI,yijing
河北,于家庄,YJZ,yujiazhuang
河北,榆树沟,YSG,yushugou
河北,窑上,YSH,yaoshang
河北,元氏,YSH,yuanshi
河北,杨树岭,YSL,yangshuling
河北,野三坡,YSP,yesanpo
河北,鹰手营子,YSZ,yingshouyingzi
河北,玉田县,YTX,yutianxian
河北,阳邑,YYI,yangyi
河北,腰栈,YZH,yaozhan
河北,银镇,YZH,yinzhen
河北,幽州,YZH,youzhou
河北,招柏,ZBA,zhaobai
河北,张百湾,ZBW,zhangbaiwan
河北,正定机场,ZDC,zhengdingjichang
河北,正定,ZDI,zhengding
河北,紫荆关,ZJG,zijingguan
河北,张家口,ZJK,zhangjiakou
河北,张家口南,ZJN,zhangjiakounan
河北,枣强,ZQI,zaoqiang
河北,张三营,ZSY,zhangsanying
河北,寨西店,ZXD,zhaixidian
河北,涿州东,ZZD,zhuozhoudong
河北,涿州,ZZH,zhuozhou
山西,安塘,ATA,antang
山西,北白,BBA,beibai
山西,白壁关,BBG,baibiguan
山西,北板桥,BBQ,beibanqiao
山西,保德,BDE,baode
山西,北六堡,BLP,beiliubao
山西,播明,BMI,boming
山西,北营,BYI,beiying
山西,北义井,BYJ,beiyijing
山西,常村,CCU,changcun
山西,程家,CJI,chengjia
山西,长治北,CZB,zhangzhibei
山西,长治,CZH,zhangzhi
山西,大涧,DJI,dajian
山西,豆罗,DLU,douluo
山西,东坡,DPO,dongpo
山西,大同东,DTD,datongdong
山西,东田良,DTL,dongtianliang
山西,大同,DTO,datong
山西,代县,DXI,daixian
山西,定襄,DXI,dingxiang
山西,大辛庄,DXZ,daxinzhuang
山西,东淤地,DYD,dongyudi
山西,东阳关,DYG,dongyangguan
山西,大营,DYI,daying
山西,东元庆,DYQ,dongyuanqing
山西,岱岳,DYU,daiyue
山西,东镇,DZH,dongzhen
山西,东庄,DZH,dongzhuang
山西,兑镇,DZH,duizhen
山西,汾河,FHE,fenhe
山西,风陵渡,FLD,fenglingdu
山西,繁峙,FSH,fanzhi
山西,汾阳,FYA,fenyang
山西,高村,GCU,gaocun
山西,古店,GDI,gudian
山西,古东,GDO,gudong
山西,古交,GJI,gujiao
山西,高平,GPI,gaoping
山西,孤山,GSH,gushan
山西,河边,HBI,hebian
山西,洪洞,HDO,hongdong
山西,洪洞西,HDX,hongdongxi
山西,河津,HJI,hejin
山西,韩家岭,HJL,hanjialing
山西,韩家楼,HJL,hanjialou
山西,侯马,HMA,houma
山西,侯马北,HMB,houmabei
山西,侯马西,HMX,houmaxi
山西,怀仁东,HRD,huairendong
山西,怀仁,HRE,huairen
山西,霍州东,HZD,huozhoudong
山西,霍州,HZH,huozhou
山西,晋城北,JCB,jinchengbei
山西,交城,JCH,jiaocheng
山西,晋城,JCH,jincheng
山西,蒋村,JCU,jiangcun
山西,嘉峰,JFE,jiafeng
山西,稷山,JSH,jishan
山西,金沙滩,JST,jinshatan
山西,介休东,JXD,jiexiudong
山西,介休,JXI,jiexiu
山西,晋中,JZH,jinzhong
山西,岢岚,KLA,kelan
山西,孔庄,KZH,kongzhuang
山西,黎城,LCH,licheng
山西,潞城,LCH,lucheng
山西,临汾,LFE,linfen
山西,临汾西,LFX,linfenxi
山西,芦家庄,LJZ,lujiazhuang
山西,柳林河,LLH,liulinhe
山西,吕梁,LLI,lvliang
山西,柳林南,LLN,liulinnan
山西,灵丘,LQI,lingqiu
山西,灵石东,LSD,lingshidong
山西,灵石,LSH,lingshi
山西,漫流河,MLH,manliuhe
山西,鸣李,MLI,mingli
山西,磨滩,MTA,motan
山西,南陈铺,NCP,nanchenpu
山西,南峧,NJI,nanjiao
山西,宁武,NWU,ningwu
山西,娘子关,NZG,niangziguan
山西,平社,PSH,pingshe
山西,平旺,PWA,pingwang
山西,平型关,PXG,pingxingguan
山西,平遥,PYA,pingyao
山西,平遥古城,PYC,pingyaogucheng
山西,堡子湾,PZW,baoziwan
山西,秦家庄,QJZ,qinjiazhuang
山西,祁县东,QXD,qixiandong
山西,祁县,QXI,qixian
山西,沁县,QXI,qinxian
山西,清徐,QXU,qingxu
山西,神池,SCH,shenchi
山西,神池南,SCN,shenchinan
山西,三岔镇,SCZ,sanchazhen
山西,神头,STO,shentou
山西,寿阳,SYA,shouyang
山西,水洋,SYA,shuiyang
山西,山阴,SYI,shanyin
山西,赛鱼,SYU,saiyu
山西,朔州,SZH,shuozhou
山西,朔州西,SZX,shuozhouxi
山西,太谷,TGU,taigu
山西,太谷西,TGX,taiguxi
山西,太原北,TYB,taiyuanbei
山西,太原东,TYD,taiyuandong
山西,弹音,TYI,danyin
山西,太原南,TYN,taiyuannan
山西,太原,TYU,taiyuan
山西,天镇,TZH,tianzhen
山西,王家寨,WJZ,wangjiazhai
山西,文水,WSH,wenshui
山西,五台山,WTS,wutaishan
山西,闻喜,WXI,wenxi
山西,武乡,WXI,wuxiang
山西,闻喜西,WXX,wenxixi
山西,五寨,WZH,wuzhai
山西,微子镇,WZZ,weizizhen
山西,夏店,XDI,xiadian
山西,襄汾,XFE,xiangfen
山西,襄汾西,XFX,xiangfenxi
山西,轩岗,XGA,xuangang
山西,薛孤,XGU,xuegu
山西,西贺村,XHC,xihecun
山西,新绛,XJI,xinjiang
山西,孝南,XNA,xiaonan
山西,下社,XSH,xiashe
山西,小宋,XSO,xiaosong
山西,修文,XWE,xiuwen
山西,西武匠,XWJ,xiwujiang
山西,孝西,XXI,xiaoxi
山西,西阳村,XYC,xiyangcun
山西,襄垣,XYU,xiangyuan
山西,西张,XZH,xizhang
山西,忻州,XZH,xinzhou
山西,运城北,YCB,yunchengbei
山西,阳城,YCH,yangcheng
山西,运城,YCH,yuncheng
山西,榆次,YCI,yuci
山西,阳方口,YFK,yangfangkou
山西,阳高,YGA,yanggao
山西,岩会,YHU,yanhui
山西,永济北,YJB,yongjibei
山西,永济,YJI,yongji
山西,永嘉堡,YJP,yongjiabao
山西,禹门口,YMK,yumenkou
山西,阳明堡,YMP,yangmingbao
山西,原平,YPI,yuanping
山西,阳泉北,YQB,yangquanbei
山西,阳泉曲,YQQ,yangquanqu
山西,阳曲,YQU,yangqu
山西,阳泉,YQU,yangquan
山西,榆社,YSH,yushe
山西,阴塔,YTA,yinta
山西,应县,YXI,yingxian
山西,镇城底,ZCD,zhenchengdi
山西,赵城,ZCH,zhaocheng
山西,张兰,ZLA,zhanglan
山西,枣林,ZLI,zaolin
山西,赵庄,ZZH,zhaozhuang
山西,长子,ZZI,zhangzi
内蒙古,艾不盖,ABG,aibugai
内蒙古,敖包沟,ABG,aobaogou
内蒙古,阿达日嘎,ADG,adariga
内蒙古,阿达日格,ADG,adarige
内蒙古,阿尔山,AES,aershan
内蒙古,阿贵图,AGT,aguitu
内蒙古,敖汉,AHA,aohan
内蒙古,敖来,ALA,aolai
内蒙古,敖力布告,ALG,aolibugao
内蒙古,阿里河,ALH,alihe
内蒙古,阿龙山,ALS,alongshan
内蒙古,昂乃,ANA,angnai
内蒙古,安庆沟,AQG,anqinggou
内蒙古,阿乌尼,AWN,awuni
内蒙古,布敦化,BDH,budunhua
内蒙古,白海,BHA,baihai
内蒙古,贲红,BHO,benhong
内蒙古,保健,BJI,baojian
内蒙古,本井,BJI,benjing
内蒙古,保康,BKA,baokang
内蒙古,毕克齐,BKQ,bikeqi
内蒙古,博克图,BKT,boketu
内蒙古,白狼,BLA,bailang
内蒙古,宝拉格,BLG,baolage
内蒙古,巴林,BLI,balin
内蒙古,坝梁,BLI,baliang
内蒙古,宝龙山,BLS,baolongshan
内蒙古,宝木吐,BMT,baomutu
内蒙古,宝门乡,BMX,baomenxiang
内蒙古,八苏木,BSM,basumu
内蒙古,白塔,BTA,baita
内蒙古,包头北,BTB,baotoubei
内蒙古,包头东,BTD,baotoudong
内蒙古,北头河,BTH,beitouhe
内蒙古,包头,BTO,baotou
内蒙古,巴图塔,BTT,batuta
内蒙古,包头西,BTX,baotouxi
内蒙古,北台子,BTZ,beitaizi
内蒙古,北兴安,BXA,beixingan
内蒙古,八仙筒,BXT,baxiantong
内蒙古,白云鄂博,BYB,baiyunebo
内蒙古,白银哈尔,BYE,baiyinhaer
内蒙古,白音察干,BYG,baiyinchagan
内蒙古,白彦花,BYH,baiyanhua
内蒙古,巴彦高勒,BYL,bayangaole
内蒙古,巴彦郭勒,BYL,bayanguole
内蒙古,白音库伦,BYL,baiyinkulun
内蒙古,白音他拉,BYL,baiyintala
内蒙古,白音特拉,BYL,baiyintela
内蒙古,白音胡硕,BYS,baiyinhushuo
内蒙古,白云,BYU,baiyun
内蒙古,查布嘎,CBG,chabuga
内蒙古,赤峰东,CFD,chifengdong
内蒙古,赤峰,CFE,chifeng
内蒙古,赤峰西,CFX,chifengxi
内蒙古,嵯岗,CGA,cuogang
内蒙古,查干哈达,CGD,chaganhada
内蒙古,查干诺尔,CGE,chagannuoer
内蒙古,朝格温多尔,CGE,chaogewenduoer
内蒙古,查干特格,CGG,chagantege
内蒙古,查干芒和,CGH,chaganmanghe
内蒙古,查干得日斯,CGS,chaganderisi
内蒙古,厂汗,CHA,changhan
内蒙古,成吉思汗,CJH,chengjisihan
内蒙古,曹家营子,CJZ,caojiayingzi
内蒙古,车家营子,CJZ,chejiayingzi
内蒙古,草六格尔,CLE,caoliugeer
内蒙古,楚鲁图,CLT,chulutu
内蒙古,朝脑沟,CNG,chaonaogou
内蒙古,察素齐,CSQ,chasuqi
内蒙古,朝原,CYU,chaoyuan
内蒙古,瓷窑湾,CYW,ciyaowan
内蒙古,朝中,CZH,chaozhong
内蒙古,大板,DBA,daban
内蒙古,德伯斯,DBS,debosi
内蒙古,道德,DDE,daode
内蒙古,多尔本毛道,DED,duoerbenmaodao
内蒙古,得耳布尔,DEE,deerbuer
内蒙古,杜尔基,DEJ,duerji
内蒙古,达盖,DGA,dagai
内蒙古,东宫,DGO,donggong
内蒙古,大罕,DHA,dahan
内蒙古,东壕,DHA,donghao
内蒙古,刁家段,DJD,diaojiaduan
内蒙古,杜家台,DJT,dujiatai
内蒙古,东来,DLA,donglai
内蒙古,道老杜,DLD,daolaodu
内蒙古,打拉亥,DLH,dalahai
内蒙古,大陆号,DLH,daluhao
内蒙古,大良,DLI,daliang
内蒙古,大林,DLI,dalin
内蒙古,道仑郭勒,DLL,daolunguole
内蒙古,达拉特旗,DLQ,dalateqi
内蒙古,都伦,DLU,dulun
内蒙古,达拉特西,DLX,dalatexi
内蒙古,东明村,DMC,dongmingcun
内蒙古,东南营子,DNZ,dongnanyingzi
内蒙古,大青沟,DQG,daqinggou
内蒙古,大其拉哈,DQH,daqilaha
内蒙古,达日其嘎,DRG,dariqiga
内蒙古,德日斯图,DRT,derisitu
内蒙古,东胜,DSH,dongsheng
内蒙古,大树湾,DSW,dashuwan
内蒙古,东胜西,DSX,dongshengxi
内蒙古,大石寨,DSZ,dashizhai
内蒙古,东土城,DTC,dongtucheng
内蒙古,东兴,DXI,dongxing
内蒙古,大雁,DYA,dayan
内蒙古,二道沟,EDG,erdaogou
内蒙古,二道沙河,EDH,erdaoshahe
内蒙古,鄂尔多斯,EES,eerduosi
内蒙古,额济纳,EJN,ejina
内蒙古,二连,ELI,erlian
内蒙古,二龙,ELO,erlong
内蒙古,福巨,FJU,fuju
内蒙古,丰林,FLI,fenglin
内蒙古,富林,FLI,fulin
内蒙古,风水沟,FSG,fengshuigou
内蒙古,福生庄,FSZ,fushengzhuang
内蒙古,福兴地,FXD,fuxingdi
内蒙古,丰镇,FZH,fengzhen
内蒙古,古城湾,GCW,guchengwan
内蒙古,葛根庙,GGM,gegenmiao
内蒙古,甘河,GHE,ganhe
内蒙古,根河,GHE,genhe
内蒙古,公积坂,GJB,gongjiban
内蒙古,姑家堡,GJB,gujiabao
内蒙古,高家村,GJC,gaojiacun
内蒙古,沟口,GKO,goukou
内蒙古,格勒,GLE,gele
内蒙古,古鲁满汗,GLH,gulumanhan
内蒙古,归流河,GLH,guiliuhe
内蒙古,古里金,GLJ,gulijin
内蒙古,嘎拉德斯汰,GLT,galadesitai
内蒙古,高林屯,GLT,gaolintun
内蒙古,公庙子,GMZ,gongmiaozi
内蒙古,关碾房,GNF,guannianfang
内蒙古,甘旗卡,GQK,ganqika
内蒙古,郭尔奔敖包,GRB,guoerbenaobao
内蒙古,嘎什吐,GST,gashentu
内蒙古,嘎什甸子,GSZ,gashendianzi
内蒙古,孤山子,GSZ,gushanzi
内蒙古,高台子,GTZ,gaotaizi
内蒙古,古营盘,GYP,guyingpan
内蒙古,公主埂,GZG,gongzhugeng
内蒙古,湖北,HBE,hubei
内蒙古,哈达,HDA,hada
内蒙古,化德,HDE,huade
内蒙古,皇德,HDE,huangde
内蒙古,赫尔洪得,HED,heerhongde
内蒙古,呼和浩特东,HHD,huhehaotedong
内蒙古,呼和温都尔,HHE,huhewendouer
内蒙古,红花沟,HHG,honghuagou
内蒙古,呼和浩特,HHT,huhehaote
内蒙古,黄花筒,HHT,huanghuatong
内蒙古,韩家村,HJC,hanjiacun
内蒙古,呼吉尔,HJE,hujier
内蒙古,杭锦后旗,HJQ,hangjinhouqi
内蒙古,杭锦旗,HJQ,hangjinqi
内蒙古,忽吉图,HJT,hujitu
内蒙古,哈克,HKE,hake
内蒙古,海拉尔,HLE,hailaer
内蒙古,哈拉沟,HLG,halagou
内蒙古,好力套高,HLG,haolitaogao
内蒙古,哈拉黑,HLH,halahei
内蒙古,汇流河,HLH,huiliuhe
内蒙古,霍林河,HLH,huolinhe
内蒙古,好鲁库,HLK,haoluku
内蒙古,霍林郭勒,HLL,huolinguole
内蒙古,哈拉苏,HLS,halasu
内蒙古,葫芦,HLU,hulu
内蒙古,豪门,HME,haomen
内蒙古,湖南,HNA,hunan
内蒙古,哈日努拉,HRL,harinula
内蒙古,贺日斯台,HRT,herisitai
内蒙古,红砂坝,HSB,hongshaba
内蒙古,汗苏鲁,HSL,hansulu
内蒙古,黑沙土,HST,heishatu
内蒙古,辉森乌拉西,HSX,huisenwulaxi
内蒙古,罕台川,HTC,hantaichuan
内蒙古,花吐古拉,HTL,huatugula
内蒙古,灰腾梁,HTL,huitengliang
内蒙古,哈业胡同,HYT,hayehutong
内蒙古,互做布其,HZQ,huzuobuqi
内蒙古,金宝屯,JBT,jinbaotun
内蒙古,碱柜,JGU,jiangui
内蒙古,金河,JHE,jinhe
内蒙古,金家店,JJD,jinjiadian
内蒙古,贾家街,JJJ,jiajiajie
内蒙古,金林,JLI,jinlin
内蒙古,静岭,JLI,jingling
内蒙古,吉兰泰,JLT,jilantai
内蒙古,集宁,JNI,jining
内蒙古,集宁南,JNN,jiningnan
内蒙古,经棚,JPE,jingpeng
内蒙古,吉文,JWE,jiwen
内蒙古,金银沟,JYG,jinyingou
内蒙古,景阳屯,JYT,jingyangtun
内蒙古,库都尔,KDE,kuduer
内蒙古,昆都庙,KDM,kundumiao
内蒙古,昆独仑召,KDZ,kundulunzhao
内蒙古,喀喇其,KLQ,kalaqi
内蒙古,开鲁,KLU,kailu
内蒙古,库伦,KLU,kulun
内蒙古,克一河,KYH,keyihe
内蒙古,岭北,LBE,lingbei
内蒙古,胪滨,LBI,lubin
内蒙古,六地沟,LDG,liudigou
内蒙古,林东,LDO,lindong
内蒙古,老府,LFU,laofu
内蒙古,临河,LHE,linhe
内蒙古,老哈河,LHH,laohahe
内蒙古,莲花山,LHS,lianhuashan
内蒙古,芦家村,LJC,lujiacun
内蒙古,喇嘛山,LMS,lamashan
内蒙古,岭南,LNA,lingnan
内蒙古,陵丘,LQI,lingqiu
内蒙古,刘伟壕,LWH,liuweihao
内蒙古,林西,LXI,linxi
内蒙古,老羊壕,LYH,laoyanghao
内蒙古,老伊尔施,LYS,laoyiershi
内蒙古,明安,MAN,mingan
内蒙古,门达,MDA,menda
内蒙古,免渡河,MDH,mianduhe
内蒙古,毛德呼热,MDR,maodehure
内蒙古,美岱召,MDZ,meidaizhao
内蒙古,莫尔道嘎,MEG,moerdaoga
内蒙古,莫尔格,MEG,moerge
内蒙古,马盖图,MGT,magaitu
内蒙古,毛告吐,MGT,maogaotu
内蒙古,满归,MGU,mangui
内蒙古,忙罕屯,MHT,manghantun
内蒙古,猛鹫山,MJS,mengjiushan
内蒙古,马架子,MJZ,majiazi
内蒙古,马林,MLI,malin
内蒙古,庙梁,MLI,miaoliang
内蒙古,木里图,MLT,mulitu
内蒙古,莫莫营子,MMZ,momoyingzi
内蒙古,明水河,MSH,mingshuihe
内蒙古,煤田,MTI,meitian
内蒙古,牧原,MYU,muyuan
内蒙古,满洲里,MZL,manzhouli
内蒙古,民族,MZU,minzu
内蒙古,牛耳河,NEH,niuerhe
内蒙古,牛汾台,NFT,niufentai
内蒙古,宁家,NJI,ningjia
内蒙古,牛家营子,NJZ,niujiayingzi
内蒙古,农垦四团,NKT,nongkensituan
内蒙古,那林桃亥,NLH,nalintaohai
内蒙古,乃林,NLI,nailin
内蒙古,纳林沟门,NLM,nalingoumen
内蒙古,奈曼,NMA,naiman
内蒙古,南木,NMU,nanmu
内蒙古,南兴安,NXA,nanxingan
内蒙古,欧里,OLI,ouli
内蒙古,平顶庙,PDM,pingdingmiao
内蒙古,平庄,PZH,pingzhuang
内蒙古,平庄南,PZN,pingzhuangnan
内蒙古,齐哈日格图,QHT,qiharigetu
内蒙古,钱家店,QJD,qianjiadian
内蒙古,旗山,QSH,qishan
内蒙古,前十家,QSJ,qianshijia
内蒙古,七苏木,QSM,qisumu
内蒙古,旗下营东,QXD,qixiayingdong
内蒙古,旗下营,QXY,qixiaying
内蒙古,热水,RSH,reshui
内蒙古,三把火,SBH,sanbahuo
内蒙古,舍伯吐,SBT,shebotu
内蒙古,十八台,SBT,shibatai
内蒙古,沙坝子,SBZ,shabazi
内蒙古,上店,SDI,shangdian
内蒙古,水地,SDI,shuidi
内蒙古,神东,SDO,shendong
内蒙古,三道桥,SDQ,sandaoqiao
内蒙古,商都,SDU,shangdu
内蒙古,四道湾,SDW,sidaowan
内蒙古,三道营,SDY,sandaoying
内蒙古,四分地,SFD,sifendi
内蒙古,四分滩,SFT,sifentan
内蒙古,桑根达来,SGL,sanggendalai
内蒙古,石圪台,SGT,shigetai
内蒙古,石拐,SGU,shiguai
内蒙古,四合,SHE,sihe
内蒙古,赛汗塔拉,SHL,saihantala
内蒙古,四合台,SHT,sihetai
内蒙古,苏宏图,SHT,suhongtu
内蒙古,石灰窑,SHY,shihuiyao
内蒙古,苏吉达巴,SJB,sujidaba
内蒙古,苏集,SJI,suji
内蒙古,三家子,SJZ,sanjiazi
内蒙古,三介海子,SJZ,sanjiehaizi
内蒙古,萨拉齐东,SLD,salaqidong
内蒙古,舍力虎,SLH,shelihu
内蒙古,沙力,SLI,shali
内蒙古,萨拉齐,SLQ,salaqi
内蒙古,索伦,SLU,suolun
内蒙古,石门村,SMC,shimencun
内蒙古,石门子,SMZ,shimenzi
内蒙古,双泡子,SPZ,shuangpaozi
内蒙古,沙日乃,SRN,sharinai
内蒙古,沙沙圪台,SST,shashagetai
内蒙古,双山屯,SST,shuangshantun
内蒙古,索图罕,STH,suotuhan
内蒙古,赛乌苏,SWS,saiwusu
内蒙古,山湾子,SWZ,shanwanzi
内蒙古,三义井,SYJ,sanyijing
内蒙古,三营图,SYT,sanyingtu
内蒙古,陶卜齐,TBQ,taobuqi
内蒙古,头道井,TDJ,toudaojing
内蒙古,头道桥,TDQ,toudaoqiao
内蒙古,天鹅湖,TEH,tianehu
内蒙古,塔尔气,TEQ,taerqi
内蒙古,桃儿湾,TEW,taoerwan
内蒙古,土贵乌拉,TGL,tuguiwula
内蒙古,台阁牧,TGM,taigemu
内蒙古,图呼木,THM,tuhumu
内蒙古,图克木庙,TKM,tukemumiao
内蒙古,通辽北,TLB,tongliaobei
内蒙古,通辽东,TLD,tongliaodong
内蒙古,吐列毛杜,TLD,tuliemaodu
内蒙古,塔拉哈尔,TLE,talahaer
内蒙古,图里河,TLH,tulihe
内蒙古,通辽,TLI,tongliao
内蒙古,塔力根土,TLT,taligentu
内蒙古,通辽西,TLX,tongliaoxi
内蒙古,土牧尔台,TMT,tumuertai
内蒙古,太平庄,TPZ,taipingzhuang
内蒙古,陶思浩,TSH,taosihao
内蒙古,桃司兔,TST,taositu
内蒙古,天义,TYI,tianyi
内蒙古,沃博尔,WBE,woboer
内蒙古,五叉沟,WCG,wuchagou
内蒙古,五道木,WDM,wudaomu
内蒙古,卫东,WDO,weidong
内蒙古,温都和硕,WDS,wenduheshuo
内蒙古,乌尔旗汗,WEH,wuerqihan
内蒙古,瓦房,WFA,wafang
内蒙古,乌固诺尔,WGE,wugunuoer
内蒙古,完工,WGO,wangong
内蒙古,乌海,WHA,wuhai
内蒙古,乌海北,WHB,wuhaibei
内蒙古,乌海西,WHX,wuhaixi
内蒙古,乌兰哈达,WLD,wulanhada
内蒙古,乌兰花,WLH,wulanhua
内蒙古,乌兰木伦,WLL,wulanmulun
内蒙古,乌拉特前旗,WLQ,wulateqianqi
内蒙古,乌兰丘,WLQ,wulanqiu
内蒙古,乌拉山,WLS,wulashan
内蒙古,乌兰浩特,WLT,wulanhaote
内蒙古,乌兰胡同,WLT,wulanhutong
内蒙古,乌兰中,WLZ,wulanzhong
内蒙古,乌奴耳,WNE,wunuer
内蒙古,卧牛河,WNH,woniuhe
内蒙古,乌日根塔拉,WRL,wurigentala
内蒙古,乌日图,WRT,wuritu
内蒙古,万水泉南,WSN,wanshuiquannan
内蒙古,万水泉,WSQ,wanshuiquan
内蒙古,乌斯台,WST,wusitai
内蒙古,乌斯土,WST,wusitu
内蒙古,五十家子,WSZ,wushijiazi
内蒙古,瓦窑坝,WYB,wayaoba
内蒙古,五原,WYU,wuyuan
内蒙古,新艾里,XAL,xinaili
内蒙古,兴安岭,XAL,xinganling
内蒙古,新安庄,XAZ,xinanzhuang
内蒙古,小北,XBE,xiaobei
内蒙古,新绰源,XCY,xinchuoyuan
内蒙古,西斗铺,XDP,xidoupu
内蒙古,兴和,XHE,xinghe
内蒙古,西胡尔清,XHQ,xihuerqing
内蒙古,兴和西,XHX,xinghexi
内蒙古,小河沿,XHY,xiaoheyan
内蒙古,新街,XJI,xinjie
内蒙古,西口,XKO,xikou
内蒙古,下坑子,XKZ,xiakengzi
内蒙古,西六方,XLF,xiliufang
内蒙古,锡林呼都嘎,XLG,xilinhudouga
内蒙古,西里,XLI,xili
内蒙古,西岭口,XLK,xilingkou
内蒙古,夏拉哈马,XLM,xialahama
内蒙古,锡林浩特,XLT,xilinhaote
内蒙古,新南沟,XNG,xinnangou
内蒙古,响沙湾,XSW,xiangshawan
内蒙古,西土城,XTC,xitucheng
内蒙古,新窝铺,XWP,xinwopu
内蒙古,新贤城,XXC,xinxiancheng
内蒙古,西小沟,XXG,xixiaogou
内蒙古,西小召,XXZ,xixiaozhao
内蒙古,星耀,XYA,xingyao
内蒙古,新帐房,XZF,xinzhangfang
内蒙古,汐子,XZI,xizi
内蒙古,西哲里木,XZM,xizhelimu
内蒙古,元宝山,YBS,yuanbaoshan
内蒙古,羊场,YCH,yangchang
内蒙古,云端,YDU,yunduan
内蒙古,伊尔施,YES,yiershi
内蒙古,莺歌,YGE,yingge
内蒙古,伊和恩格拉,YHL,yiheengela
内蒙古,于海屯,YHT,yuhaitun
内蒙古,杨家营,YJY,yangjiaying
内蒙古,牙克石,YKS,yakeshi
内蒙古,原林,YLI,yuanlin
内蒙古,余粮堡,YLP,yuliangbao
内蒙古,牙拉盖图,YLT,yalagaitu
内蒙古,雅鲁,YLU,yalu
内蒙古,衙门庙,YMM,yamenmiao
内蒙古,衙门营,YMY,yamenying
内蒙古,营盘湾,YPW,yingpanwan
内蒙古,岩山,YSH,yanshan
内蒙古,伊图里河,YTH,yitulihe
内蒙古,燕舞,YWU,yanwu
内蒙古,永王庄,YWZ,yongwangzhuang
内蒙古,育新,YXI,yuxin
内蒙古,友谊水库,YYK,youyishuiku
内蒙古,宇宙地,YZD,yuzhoudi
内蒙古,治安,ZAN,zhian
内蒙古,紫沟,ZGO,zigou
内蒙古,忠工屯,ZGT,zhonggongtun
内蒙古,扎罗木得,ZLD,zhaluomude
内蒙古,扎赉诺尔,ZLE,zhalainuoer
内蒙古,哲里木,ZLM,zhelimu
内蒙古,扎兰屯,ZLT,zhalantun
内蒙古,扎鲁特,ZLT,zhalute
内蒙古,转龙湾,ZLW,zhuanlongwan
内蒙古,扎赉诺尔西,ZLX,zhalainuoerxi
内蒙古,珠日河牧场,ZRC,zhurihemuchang
内蒙古,朱日和,ZRH,zhurihe
内蒙古,珠斯花,ZSH,zhusihua
内蒙古,准沙日乌苏,ZSS,zhunshariwusu
内蒙古,中台子,ZTZ,zhongtaizi
内蒙古,正镶白旗,ZXQ,zhengxiangbaiqi
内蒙古,卓资东,ZZD,zhuozidong
内蒙古,卓资山,ZZS,zhuozishan
辽宁,阿尔乡,AEX,aerxiang
辽宁,阿金,AJI,ajin
辽宁,安平,API,anping
辽宁,鞍山,ASH,anshan
辽宁,鞍山西,ASX,anshanxi
辽宁,北磴,BDE,beideng
辽宁,边沟,BGO,biangou
辽宁,渤海,BHA,bohai
辽宁,宝镜,BJI,baojing
辽宁,八角台,BJT,bajiaotai
辽宁,北井子,BJZ,beijingzi
辽宁,八面城,BMC,bamiancheng
辽宁,北票南,BPN,beipiaonan
辽宁,北台,BTA,beitai
辽宁,本溪新城,BXC,benxixincheng
辽宁,本溪湖,BXH,benxihu
辽宁,本溪,BXI,benxi
辽宁,鲅鱼圈,BYQ,bayuquan
辽宁,叉车厂,CCC,chachechang
辽宁,蚕厂屯,CCT,canchangtun
辽宁,长甸,CDI,zhangdian
辽宁,草河口,CHK,caohekou
辽宁,长虹,CHO,zhanghong
辽宁,长岭子,CLZ,zhanglingzi
辽宁,苍石,CSH,cangshi
辽宁,草市,CSH,caoshi
辽宁,长山堡,CSP,zhangshanbao
辽宁,昌图,CTU,changtu
辽宁,昌图西,CTX,changtuxi
辽宁,陈相屯,CXT,chenxiangtun
辽宁,朝阳,CYA,chaoyang
辽宁,城子坦东,CZD,chengzitandong
辽宁,串子沟,CZG,chuanzigou
辽宁,城子坦,CZT,chengzitan
辽宁,大巴,DBA,daba
辽宁,大成,DCH,dacheng
辽宁,东戴河,DDH,dongdaihe
辽宁,大甸,DDI,dadian
辽宁,丹东,DDO,dandong
辽宁,丹东西,DDX,dandongxi
辽宁,刀尔登,DED,daoerdeng
辽宁,东港北,DGB,donggangbei
辽宁,东沟门,DGM,donggoumen
辽宁,大孤山,DGS,dagushan
辽宁,大官屯,DGT,daguantun
辽宁,大荒地,DHD,dahuangdi
辽宁,大红旗,DHQ,dahongqi
辽宁,大虎山,DHS,dahushan
辽宁,东湖,DHU,donghu
辽宁,段家,DJI,duanjia
辽宁,道口,DKO,daokou
辽宁,大连北,DLB,dalianbei
辽宁,大连,DLI,dalian
辽宁,大刘家,DLJ,daliujia
辽宁,大平房,DPF,dapingfang
辽宁,大堡,DPU,dabao
辽宁,登沙河,DSH,dengshahe
辽宁,大石桥,DSQ,dashiqiao
辽宁,得胜台,DST,deshengtai
辽宁,灯塔,DTA,dengta
辽宁,大徐屯,DXT,daxutun
辽宁,东辛庄,DXZ,dongxinzhuang
辽宁,大雅河,DYH,dayahe
辽宁,大营子,DYZ,dayingzi
辽宁,东营子,DYZ,dongyingzi
辽宁,大郑,DZH,dazheng
辽宁,凤城东,FCD,fengchengdong
辽宁,凤凰城,FHC,fenghuangcheng
辽宁,抚顺北,FSB,fushunbei
辽宁,抚顺,FSH,fushun
辽宁,阜新,FXI,fuxin
辽宁,沟帮子,GBZ,goubangzi
辽宁,古城子,GCZ,guchengzi
辽宁,高尔山,GES,gaoershan
辽宁,官家,GJI,guanjia
辽宁,高家岁,GJS,gaojiasui
辽宁,郭家屯,GJT,guojiatun
辽宁,孤家子,GJZ,gujiazi
辽宁,高岭,GLI,gaoling
辽宁,广宁寺南,GNN,guangningsinan
辽宁,广宁寺,GNS,guangningsi
辽宁,高桥镇,GQZ,gaoqiaozhen
辽宁,灌水,GSH,guanshui
辽宁,广盛,GSH,guangsheng
辽宁,高山子,GSZ,gaoshanzi
辽宁,高台山,GTS,gaotaishan
辽宁,高阳镇,GYZ,gaoyangzhen
辽宁,公营子,GYZ,gongyingzi
辽宁,鸽子洞,GZD,gezidong
辽宁,盖州,GZH,gaizhou
辽宁,革镇堡,GZP,gezhenbao
辽宁,盖州西,GZX,gaizhouxi
辽宁,海城,HCH,haicheng
辽宁,海城西,HCX,haichengxi
辽宁,皇姑屯,HGT,huanggutun
辽宁,浑河,HHE,hunhe
辽宁,黄甲屯,HJT,huangjiatun
辽宁,葫芦岛北,HLB,huludaobei
辽宁,葫芦岛,HLD,huludao
辽宁,桓龙湖,HLH,huanlonghu
辽宁,寒岭,HLI,hanling
辽宁,火连寨,HLZ,huolianzhai
辽宁,蛤蟆塘,HMT,hamatang
辽宁,琥珀湖,HPH,hupohu
辽宁,红旗,HQI,hongqi
辽宁,红石,HSH,hongshi
辽宁,何三家,HSJ,hesanjia
辽宁,黑石木,HSM,heishimu
辽宁,虎石台,HST,hushitai
辽宁,河汤沟,HTG,hetanggou
辽宁,花园口,HYK,huayuankou
辽宁,侯杖子,HZZ,houzhangzi
辽宁,建北,JBE,jianbei
辽宁,建昌,JCH,jianchang
辽宁,金城,JCH,jincheng
辽宁,金场堡,JCP,jinchangbao
辽宁,鸡冠山,JGS,jiguanshan
辽宁,江家岭,JJL,jiangjialing
辽宁,金坑,JKE,jinkeng
辽宁,金山湾,JSW,jinshanwan
辽宁,夹心子,JXZ,jiaxinzi
辽宁,金州,JZH,jinzhou
辽宁,锦州,JZH,jinzhou
辽宁,锦州南,JZN,jinzhounan
辽宁,金杖子,JZZ,jinzhangzi
辽宁,宽甸,KDI,kuandian
辽宁,孔家沟,KJG,kongjiagou
辽宁,开原,KYU,kaiyuan
辽宁,开原西,KYX,kaiyuanxi
辽宁,老边,LBI,laobian
辽宁,兰店,LDI,landian
辽宁,雷锋路,LFL,leifenglu
辽宁,老古沟,LGG,laogugou
辽宁,凌海,LHA,linghai
辽宁,刘家村,LJC,liujiacun
辽宁,亮甲店,LJD,liangjiadian
辽宁,刘家河,LJH,liujiahe
辽宁,兰家,LJI,lanjia
辽宁,励家,LJI,lijia
辽宁,罗家,LJI,luojia
辽宁,兰家屯,LJT,lanjiatun
辽宁,李家屯,LJT,lijiatun
辽宁,林家台,LJT,linjiatai
辽宁,拉拉屯,LLT,lalatun
辽宁,连山关,LSG,lianshanguan
辽宁,灵山,LSH,lingshan
辽宁,旅顺,LSH,lvshun
辽宁,林盛堡,LSP,linshengbao
辽宁,柳树屯,LST,liushutun
辽宁,李石寨,LSZ,lishizhai
辽宁,刘屯,LTU,liutun
辽宁,辽阳,LYA,liaoyang
辽宁,凌源东,LYD,lingyuandong
辽宁,凌源,LYU,lingyuan
辽宁,龙爪沟,LZG,longzhaogou
辽宁,辽中,LZH,liaozhong
辽宁,民家,MJI,minjia
辽宁,马三家,MSJ,masanjia
辽宁,庙阳,MYA,miaoyang
辽宁,明阳,MYA,mingyang
辽宁,女儿河,NEH,nverhe
辽宁,南芬北,NFB,nanfenbei
辽宁,南芬,NFE,nanfen
辽宁,南关岭,NGL,nanguanling
辽宁,泥河子,NHZ,nihezi
辽宁,能家,NJI,nengjia
辽宁,牛角山,NJS,niujiaoshan
辽宁,南口前,NKQ,nankouqian
辽宁,南票,NPI,nanpiao
辽宁,南桥,NQI,nanqiao
辽宁,南台,NTA,nantai
辽宁,南汤,NTA,nantang
辽宁,南洼,NWA,nanwa
辽宁,牛心台,NXT,niuxintai
辽宁,牛庄,NZH,niuzhuang
辽宁,南杂木,NZM,nanzamu
辽宁,瓢儿屯,PET,piaoertun
辽宁,盘锦北,PJB,panjinbei
辽宁,盘锦,PJI,panjin
辽宁,皮口南,PKN,pikounan
辽宁,皮口,PKO,pikou
辽宁,普兰店,PLD,pulandian
辽宁,偏岭,PLI,pianling
辽宁,普湾,PWA,puwan
辽宁,泡子,PZI,paozi
辽宁,桥北,QBE,qiaobei
辽宁,青堆,QDU,qingdui
辽宁,青堆子,QDZ,qingduizi
辽宁,旗杆底,QGD,qigandi
辽宁,泉沟,QGO,quangou
辽宁,清河门,QHM,qinghemen
辽宁,曲家店,QJD,qujiadian
辽宁,祁家堡,QJP,qijiabao
辽宁,七里河,QLH,qilihe
辽宁,秋木庄,QMZ,qiumuzhuang
辽宁,清水河,QSH,qingshuihe
辽宁,泉水,QSH,quanshui
辽宁,泉水屯,QST,quanshuitun
辽宁,桥头,QTO,qiaotou
辽宁,前卫,QWE,qianwei
辽宁,前阳南,QYN,qianyangnan
辽宁,清原,QYU,qingyuan
辽宁,任家店,RJD,renjiadian
辽宁,绕阳河,RYH,raoyanghe
辽宁,苏北,SBE,subei
辽宁,世博园,SBY,shiboyuan
辽宁,石城,SCH,shicheng
辽宁,四道沟,SDG,sidaogou
辽宁,沙海,SHA,shahai
辽宁,沙河口,SHK,shahekou
辽宁,沙后所,SHS,shahousuo
辽宁,三江口,SJK,sanjiangkou
辽宁,苏家屯,SJT,sujiatun
辽宁,深井子,SJZ,shenjingzi
辽宁,十家子,SJZ,shijiazi
辽宁,四家子,SJZ,sijiazi
辽宁,石脑,SNA,shinao
辽宁,水泉,SQU,shuiquan
辽宁,石桥子,SQZ,shiqiaozi
辽宁,石山,SSH,shishan
辽宁,首山,SSH,shoushan
辽宁,松树,SSH,songshu
辽宁,三十家,SSJ,sanshijia
辽宁,三十里堡,SSP,sanshilibao
辽宁,松树台,SST,songshutai
辽宁,三台,STA,santai
辽宁,四台子,STZ,sitaizi
辽宁,沈阳,SYA,shenyang
辽宁,沈阳北,SYB,shenyangbei
辽宁,沈阳东,SYD,shenyangdong
辽宁,双羊店,SYD,shuangyangdian
辽宁,沈阳南,SYN,shenyangnan
辽宁,上园,SYU,shangyuan
辽宁,沈阳西,SYX,shenyangxi
辽宁,绥中北,SZB,suizhongbei
辽宁,绥中,SZH,suizhong
辽宁,台安,TAN,taian
辽宁,坦甸,TDI,tandian
辽宁,天德泉,TDQ,tiandequan
辽宁,铁佛寺,TFS,tiefosi
辽宁,汤河,THE,tanghe
辽宁,田家沟,TJG,tianjiagou
辽宁,唐家,TJI,tangjia
辽宁,佟家,TJI,tongjia
辽宁,台集屯,TJT,taijitun
辽宁,铁岭,TLI,tieling
辽宁,铁岭西,TLX,tielingxi
辽宁,天桥沟,TQG,tianqiaogou
辽宁,天桥,TQI,tianqiao
辽宁,汤山城,TSC,tangshancheng
辽宁,田师府,TSF,tianshifu
辽宁,塔山,TSH,tashan
辽宁,唐王山,TWS,tangwangshan
辽宁,同兴,TXI,tongxing
辽宁,通远堡,TYP,tongyuanbao
辽宁,桃园,TYU,taoyuan
辽宁,通远堡西,TYX,tongyuanbaoxi
辽宁,太子河,TZH,taizihe
辽宁,瓦房店,WFD,wafangdian
辽宁,瓦房店西,WFX,wafangdianxi
辽宁,网户,WHU,wanghu
辽宁,万家屯,WJT,wanjiatun
辽宁,吴家屯,WJT,wujiatun
辽宁,五龙背,WLB,wulongbei
辽宁,五龙背东,WLD,wulongbeidong
辽宁,威宁,WNI,weining
辽宁,五女山,WNS,wunvshan
辽宁,五七,WQI,wuqi
辽宁,温泉寺,WQS,wenquansi
辽宁,五三,WSA,wusan
辽宁,望山,WSH,wangshan
辽宁,歪头山,WTS,waitoushan
辽宁,魏杖子,WZZ,weizhangzi
辽宁,兴城,XCH,xingcheng
辽宁,新城子,XCZ,xinchengzi
辽宁,小东,XDO,xiaodong
辽宁,西丰,XFE,xifeng
辽宁,新寒岭,XHL,xinhanling
辽宁,宣家沟,XJG,xuanjiagou
辽宁,夏家河,XJH,xiajiahe
辽宁,薛家,XJI,xuejia
辽宁,下夹河所,XJS,xiajiahesuo
辽宁,许家屯,XJT,xujiatun
辽宁,新开,XKA,xinkai
辽宁,兴隆店,XLD,xinglongdian
辽宁,兴隆河,XLH,xinglonghe
辽宁,西柳,XLI,xiliu
辽宁,新岭,XLI,xinling
辽宁,新立屯,XLT,xinlitun
辽宁,新民,XMI,xinmin
辽宁,下马塘,XMT,xiamatang
辽宁,西南杖子,XNZ,xinanzhangzi
辽宁,小平房,XPF,xiaopingfang
辽宁,新邱,XQI,xinqiu
辽宁,小市,XSH,xiaoshi
辽宁,杏树屯,XST,xingshutun
辽宁,熊岳城,XYC,xiongyuecheng
辽宁,新园,XYU,xinyuan
辽宁,营北,YBE,yingbei
辽宁,叶柏寿,YBS,yebaishou
辽宁,营城子,YCZ,yingchengzi
辽宁,盐岛,YDA,yandao
辽宁,永甸,YDI,yongdian
辽宁,营东,YDO,yingdong
辽宁,英额门,YEM,yingemen
辽宁,雅河,YHE,yahe
辽宁,么荒,YHU,mehuang
辽宁,杨家店,YJD,yangjiadian
辽宁,袁家堡,YJP,yuanjiabao
辽宁,羊圈子,YJZ,yangquanzi
辽宁,营口东,YKD,yingkoudong
辽宁,营口,YKO,yingkou
辽宁,一面山,YMS,yimianshan
辽宁,姚千户屯,YQT,yaoqianhutun
辽宁,榆树台,YST,yushutai
辽宁,杨树湾,YSW,yangshuwan
辽宁,义县,YXI,yixian
辽宁,杨杖子,YZZ,yangzhangzi
辽宁,章党,ZDA,zhangdang
辽宁,章古台,ZGT,zhanggutai
辽宁,庄河北,ZHB,zhuanghebei
辽宁,庄河,ZHE,zhuanghe
辽宁,中华寺,ZHS,zhonghuasi
辽宁,庄河西,ZHX,zhuanghexi
辽宁,赵家,ZJI,zhaojia
辽宁,张家堡,ZJP,zhangjiabao
辽宁,周家屯,ZJT,zhoujiatun
辽宁,周水子,ZSZ,zhoushuizi
辽宁,张台子,ZTZ,zhangtaizi
辽宁,彰武,ZWU,zhangwu
辽宁,中兴,ZXI,zhongxing
辽宁,中小所,ZXS,zhongxiaosuo
辽宁,钟杖子,ZZZ,zhongzhangzi
吉林,安广,AGU,anguang
吉林,安图,ATU,antu
吉林,安图西,ATX,antuxi
吉林,白城,BCH,baicheng
吉林,北岗,BGA,beigang
吉林,布海,BHA,buhai
吉林,白河,BHE,baihe
吉林,八家子,BJZ,bajiazi
吉林,白泉,BQU,baiquan
吉林,白市,BSH,baishi
吉林,板石河,BSH,banshihe
吉林,宝山,BSH,baoshan
吉林,白山市,BSS,baishanshi
吉林,白石山,BSS,baishishan
吉林,堡石图,BST,baoshitu
吉林,葆园,BYU,baoyuan
吉林,板杖子,BZZ,banzhangzi
吉林,长春东,CCD,zhangchundong
吉林,长春,CCH,zhangchun
吉林,长春南,CCN,zhangchunnan
吉林,长春西,CCX,zhangchunxi
吉林,长发,CFA,zhangfa
吉林,柴岗,CGA,chaigang
吉林,蔡家沟,CJG,caijiagou
吉林,崔家营子,CJZ,cuijiayingzi
吉林,采石场,CSC,caishichang
吉林,长山屯,CST,zhangshantun
吉林,茶条沟,CTG,chatiaogou
吉林,春阳,CYA,chunyang
吉林,朝阳川,CYC,chaoyangchuan
吉林,朝阳镇,CYZ,chaoyangzhen
吉林,大安北,DAB,daanbei
吉林,大安,DAN,daan
吉林,到保,DBA,daobao
吉林,大东,DDO,dadong
吉林,东丰北,DFB,dongfengbei
吉林,东丰,DFE,dongfeng
吉林,东富,DFU,dongfu
吉林,德惠,DHU,dehui
吉林,敦化,DHU,dunhua
吉林,德惠西,DHX,dehuixi
吉林,达家沟,DJG,dajiagou
吉林,丁家园,DJY,dingjiayuan
吉林,大口钦,DKQ,dakouqin
吉林,大梨树,DLS,dalishu
吉林,大栗子,DLZ,dalizi
吉林,大桥,DQI,daqiao
吉林,道清,DQI,daoqing
吉林,氡泉,DQU,dongquan
吉林,大泉眼,DQY,daquanyan
吉林,大石头南,DSN,dashitounan
吉林,大石头,DST,dashitou
吉林,东通化,DTH,dongtonghua
吉林,大土山,DTS,datushan
吉林,大屯,DTU,datun
吉林,大兴沟,DXG,daxinggou
吉林,大仙,DXI,daxian
吉林,大兴镇,DXZ,daxingzhen
吉林,二岔,ECH,ercha
吉林,二道河,EDH,erdaohe
吉林,二龙山,ELS,erlongshan
吉林,二密河,EMH,ermihe
吉林,丰广,FGU,fengguang
吉林,范家屯,FJT,fanjiatun
吉林,丰库,FKU,fengku
吉林,抚松,FSO,fusong
吉林,扶余北,FYB,fuyubei
吉林,枫叶岭,FYL,fengyeling
吉林,扶余,FYU,fuyu
吉林,孤店子,GDZ,gudianzi
吉林,干沟,GGO,gangou
吉林,光辉,GHU,guanghui
吉林,郭家店,GJD,guojiadian
吉林,工农湖,GNH,gongnonghu
吉林,弓棚子,GPZ,gongpengzi
吉林,果松,GSO,guosong
吉林,菇园,GYU,guyuan
吉林,官字井,GZJ,guanzijing
吉林,公主岭,GZL,gongzhuling
吉林,公主岭南,GZN,gongzhulingnan
吉林,黄柏,HBA,huangbai
吉林,珲春,HCH,huichun
吉林,哈尔巴岭,HEL,haerbaling
吉林,哈福,HFU,hafu
吉林,荒沟西,HGX,huanggouxi
吉林,胡家店,HJD,hujiadian
吉林,火炬沟,HJG,huojugou
吉林,华家,HJI,huajia
吉林,哈拉海,HLH,halahai
吉林,海龙,HLO,hailong
吉林,和龙,HLO,helong
吉林,哈玛,HMA,hama
吉林,河南,HNA,henan
吉林,辉南,HNA,huinan
吉林,黄泥河,HNH,huangnihe
吉林,黄泥崴子,HNZ,huangniwaizi
吉林,桦皮厂,HPC,huapichang
吉林,黄松甸,HSD,huangsongdian
吉林,黑水,HSH,heishui
吉林,花山,HSH,huashan
吉林,黑山头,HST,heishantou
吉林,海坨子,HTZ,haituozi
吉林,集安,JAN,jian
吉林,巨宝,JBA,jubao
吉林,蛟河,JHE,jiaohe
吉林,蛟河西,JHX,jiaohexi
吉林,纪家,JJI,jijia
吉林,吉林,JLI,jilin
吉林,江密峰,JMF,jiangmifeng
吉林,吉舒,JSH,jishu
吉林,建设,JSH,jianshe
吉林,金山,JSH,jinshan
吉林,九台,JTA,jiutai
吉林,九台南,JTN,jiutainan
吉林,江源,JYU,jiangyuan
吉林,靖宇,JYU,jingyu
吉林,金珠,JZH,jinzhu
吉林,开安,KAN,kaian
吉林,卡伦,KLU,kalun
吉林,口前,KQI,kouqian
吉林,开通,KTO,kaitong
吉林,亮兵台,LBT,liangbingtai
吉林,六道河,LDH,liudaohe
吉林,拉法,LFA,lafa
吉林,来福,LFU,laifu
吉林,柳河,LHE,liuhe
吉林,刘家店,LJD,liujiadian
吉林,两家,LJI,liangjia
吉林,临江,LJI,linjiang
吉林,六家,LJI,liujia
吉林,龙嘉,LJI,longjia
吉林,龙井,LJI,longjing
吉林,龙家堡,LJP,longjiabao
吉林,老岭,LLI,laoling
吉林,柳毛沟,LMG,liumaogou
吉林,龙泉,LQU,longquan
吉林,龙山,LSH,longshan
吉林,露水河,LSH,lushuihe
吉林,老松岭,LSL,laosongling
吉林,老营,LYI,laoying
吉林,老爷岭,LYL,laoyeling
吉林,乐园,LYU,leyuan
吉林,辽源,LYU,liaoyuan
吉林,砬子河,LZH,lazihe
吉林,林子头,LZT,linzitou
吉林,明城,MCH,mingcheng
吉林,梅河口,MHK,meihekou
吉林,满汉营,MHY,manhanying
吉林,茂林,MLI,maolin
吉林,庙岭,MLI,miaoling
吉林,磨盘山,MPS,mopanshan
吉林,米沙子,MSZ,mishazi
吉林,农安,NAN,nongan
吉林,南沟,NGO,nangou
吉林,南洮南,NTN,nantaonan
吉林,奈字井,NZJ,naizijing
吉林,平安,PAN,pingan
吉林,平安镇,PAZ,pinganzhen
吉林,平川,PCH,pingchuan
吉林,平岗,PGA,pinggang
吉林,磐石,PSH,panshi
吉林,平台,PTA,pingtai
吉林,乾安,QAN,qianan
吉林,庆丰,QFE,qingfeng
吉林,青沟子,QGZ,qinggouzi
吉林,七间房,QJF,qijianfang
吉林,七家子,QJZ,qijiazi
吉林,秋梨沟,QLG,qiuligou
吉林,棋盘,QPA,qipan
吉林,前窑,QYA,qianyao
吉林,泉阳,QYA,quanyang
吉林,双安屯,SAT,shuangantun
吉林,三宝屯,SBT,sanbaotun
吉林,山场屯,SCT,shanchangtun
吉林,山城镇,SCZ,shanchengzhen
吉林,三道湖,SDH,sandaohu
吉林,水洞,SDO,shuidong
吉林,三队,SDU,sandui
吉林,四合屯,SHT,sihetun
吉林,石湖,SHU,shihu
吉林,双河镇,SHZ,shuanghezhen
吉林,松江河,SJH,songjianghe
吉林,石家,SJI,shijia
吉林,双吉,SJI,shuangji
吉林,三井子,SJZ,sanjingzi
吉林,松江镇,SJZ,songjiangzhen
吉林,舒兰,SLA,shulan
吉林,胜利,SLI,shengli
吉林,石岭,SLI,shiling
吉林,双辽,SLI,shuangliao
吉林,水礼,SLI,shuili
吉林,松岭,SLI,songling
吉林,十里坪,SLP,shiliping
吉林,四平东,SPD,sipingdong
吉林,四平,SPI,siping
吉林,石人,SRE,shiren
吉林,杉松岗,SSG,shansonggang
吉林,松树镇,SSZ,songshuzhen
吉林,石头河,STH,shitouhe
吉林,石岘,SXI,shixian
吉林,松原北,SYB,songyuanbei
吉林,三源浦,SYP,sanyuanpu
吉林,松原,SYU,songyuan
吉林,铁厂,TCH,tiechang
吉林,铜佛寺,TFS,tongfosi
吉林,天岗,TGA,tiangang
吉林,通沟,TGO,tonggou
吉林,塔虎城,THC,tahucheng
吉林,通化,THU,tonghua
吉林,通化县,THX,tonghuaxian
吉林,佟家店,TJD,tongjiadian
吉林,陶家屯,TJT,taojiatun
吉林,团林,TLI,tuanlin
吉林,陶赖昭,TLZ,taolaizhao
吉林,图们北,TMB,tumenbei
吉林,图们,TME,tumen
吉林,土们岭,TML,tumenling
吉林,洮南,TNA,taonan
吉林,太平川,TPC,taipingchuan
吉林,太平岭,TPL,taipingling
吉林,天桥岭,TQL,tianqiaoling
吉林,团山,TSH,tuanshan
吉林,坦途,TTU,tantu
吉林,通途,TTU,tongtu
吉林,驼腰岭,TYL,tuoyaoling
吉林,五道沟,WDG,wudaogou
吉林,王府,WFU,wangfu
吉林,湾沟,WGO,wangou
吉林,威虎岭北,WHB,weihulingbei
吉林,卧虎屯,WHT,wohutun
吉林,五家户,WJH,wujiahu
吉林,渭津,WJI,weijin
吉林,五棵树,WKS,wukeshu
吉林,万隆,WLO,wanlong
吉林,沃皮,WPI,wopi
吉林,汪清,WQI,wangqing
吉林,苇子沟,WZG,weizigou
吉林,溪洞,XDO,xidong
吉林,小姑家,XGJ,xiaogujia
吉林,小合隆,XHL,xiaohelong
吉林,谢家,XJI,xiejia
吉林,谢家镇,XJZ,xiejiazhen
吉林,兴隆山,XLS,xinglongshan
吉林,新立镇,XLZ,xinlizhen
吉林,仙人桥,XRQ,xianrenqiao
吉林,小山,XSH,xiaoshan
吉林,西阳岔,XYC,xiyangcha
吉林,影壁山,YBS,yingbishan
吉林,阳岔,YCH,yangcha
吉林,营城,YCH,yingcheng
吉林,亚复,YFU,yafu
吉林,杨家粉坊,YJF,yangjiafenfang
吉林,延吉,YJI,yanji
吉林,姚家,YJI,yaojia
吉林,一间堡,YJP,yijianbao
吉林,延吉西,YJX,yanjixi
吉林,姚家坨子,YJZ,yaojiatuozi
吉林,遥林,YLI,yaolin
吉林,永宁,YNI,yongning
吉林,榆树川,YSC,yushuchuan
吉林,阳山,YSH,yangshan
吉林,榆树,YSH,yushu
吉林,烟筒山,YTS,yantongshan
吉林,鸭园,YYU,yayuan
吉林,犹字井,YZJ,youzijing
吉林,中德,ZDE,zhongde
吉林,赵家沟,ZJG,zhaojiagou
吉林,左家,ZJI,zuojia
吉林,郑家堡,ZJP,zhengjiabao
吉林,镇赉,ZLA,zhenlai
吉林,朱三家,ZSJ,zhusanjia
吉林,枕头峰,ZTF,zhentoufeng
吉林,镇西,ZXI,zhenxi
吉林,咋子,ZZI,zazi
黑龙江,昂昂溪,AAX,angangxi
黑龙江,阿城,ACH,acheng
黑龙江,安达,ADA,anda
黑龙江,爱河,AHE,aihe
黑龙江,安家,AJI,anjia
黑龙江,阿木尔,AME,amuer
黑龙江,敖头,ATO,aotou
黑龙江,北安,BAN,beian
黑龙江,八村,BCU,bacun
黑龙江,八方,BFA,bafang
黑龙江,八虎力,BHL,bahuli
黑龙江,白桦排,BHP,baihuapai
黑龙江,半截河,BJH,banjiehe
黑龙江,滨江,BJI,binjiang
黑龙江,笔架山,BJS,bijiashan
黑龙江,白奎堡,BKP,baikuibao
黑龙江,宝林,BLI,baolin
黑龙江,北林,BLI,beilin
黑龙江,勃利,BLI,boli
黑龙江,八面通,BMT,bamiantong
黑龙江,宝清,BQI,baoqing
黑龙江,宝泉岭,BQL,baoquanling
黑龙江,碧水,BSH,bishui
黑龙江,白山乡,BSX,baishanxiang
黑龙江,背荫河,BYH,beiyinhe
黑龙江,碧州,BZH,bizhou
黑龙江,查班河,CBH,chabanhe
黑龙江,翠峰,CFE,cuifeng
黑龙江,长发屯,CFT,zhangfatun
黑龙江,翠岗,CGA,cuigang
黑龙江,成高子,CGZ,chenggaozi
黑龙江,柴河,CHE,chaihe
黑龙江,晨明,CMI,chenming
黑龙江,辰清,CQI,chenqing
黑龙江,潮水,CSH,chaoshui
黑龙江,楚山,CSH,chushan
黑龙江,春亭阁,CTG,chuntingge
黑龙江,长汀镇,CTZ,zhangtingzhen
黑龙江,朝阳村,CYC,chaoyangcun
黑龙江,创业村,CYC,chuangyecun
黑龙江,东边井,DBJ,dongbianjing
黑龙江,滴道,DDA,didao
黑龙江,东二道河,DEH,dongerdaohe
黑龙江,东方红,DFH,dongfanghong
黑龙江,大观岭,DGL,daguanling
黑龙江,斗沟子,DGZ,dougouzi
黑龙江,东海,DHA,donghai
黑龙江,东海县,DHX,donghaixian
黑龙江,东京城,DJC,dongjingcheng
黑龙江,东津,DJI,dongjin
黑龙江,杜家,DJI,dujia
黑龙江,东佳木斯,DJS,dongjiamusi
黑龙江,达拉滨,DLB,dalabin
黑龙江,带岭,DLI,dailing
黑龙江,独立屯,DLT,dulitun
黑龙江,东门,DME,dongmen
黑龙江,代马沟,DMG,daimagou
黑龙江,大民屯,DMT,damintun
黑龙江,大庆东,DQD,daqingdong
黑龙江,大庆,DQI,daqing
黑龙江,对青山,DQS,duiqingshan
黑龙江,大庆西,DQX,daqingxi
黑龙江,大乌苏,DWS,dawusu
黑龙江,大西,DXI,daxi
黑龙江,大兴,DXI,daxing
黑龙江,大杨树东,DYD,dayangshudong
黑龙江,大扬气,DYQ,dayangqi
黑龙江,大杨树,DYS,dayangshu
黑龙江,二道湾,EDW,erdaowan
黑龙江,二井,EJI,erjing
黑龙江,二龙山屯,ELT,erlongshantun
黑龙江,富海,FHA,fuhai
黑龙江,富锦,FJI,fujin
黑龙江,富江镇,FJZ,fujiangzhen
黑龙江,佛岭,FLI,foling
黑龙江,富拉尔基,FLJ,fulaerji
黑龙江,福利屯,FLT,fulitun
黑龙江,丰乐镇,FLZ,fenglezhen
黑龙江,冯屯,FTU,fengtun
黑龙江,抚远,FYU,fuyuan
黑龙江,富裕,FYU,fuyu
黑龙江,古城,GCH,gucheng
黑龙江,古城镇,GCZ,guchengzhen
黑龙江,高家,GJI,gaojia
黑龙江,高老,GLA,gaolao
黑龙江,古莲,GLI,gulian
黑龙江,光明,GMI,guangming
黑龙江,高头,GTO,gaotou
黑龙江,古源,GYU,guyuan
黑龙江,海北,HBE,haibei
黑龙江,鹤北,HBE,hebei
黑龙江,寒葱沟,HCG,hanconggou
黑龙江,哈川,HCH,hachuan
黑龙江,哈达阳,HDY,hadayang
黑龙江,恒地营,HDY,hengdiying
黑龙江,横道河子,HDZ,hengdaohezi
黑龙江,哈尔滨,HEB,haerbin
黑龙江,哈尔滨北,HEB,haerbinbei
黑龙江,哈尔滨东,HED,haerbindong
黑龙江,虎尔虎拉,HEL,huerhula
黑龙江,哈尔滨西,HEX,haerbinxi
黑龙江,虎峰,HFE,hufeng
黑龙江,红房子,HFZ,hongfangzi
黑龙江,鹤岗,HGA,hegang
黑龙江,黑岗,HGA,heigang
黑龙江,黑河,HHE,heihe
黑龙江,洪河,HHE,honghe
黑龙江,韩家园,HJY,hanjiayuan
黑龙江,海浪,HLA,hailang
黑龙江,呼兰,HLA,hulan
黑龙江,浩良河,HLH,haolianghe
黑龙江,海林,HLI,hailin
黑龙江,鹤立,HLI,heli
黑龙江,虎林,HLI,hulin
黑龙江,桦林,HLI,hualin
黑龙江,哈力图,HLT,halitu
黑龙江,海伦,HLU,hailun
黑龙江,桦南,HNA,huanan
黑龙江,红旗营,HQY,hongqiying
黑龙江,鹤山,HSH,heshan
黑龙江,红山,HSH,hongshan
黑龙江,虎山,HSH,hushan
黑龙江,黑台,HTA,heitai
黑龙江,宏图,HTU,hongtu
黑龙江,红星,HXI,hongxing
黑龙江,红兴隆,HXL,hongxinglong
黑龙江,换新天,HXT,huanxintian
黑龙江,红彦,HYA,hongyan
黑龙江,呼源,HYU,huyuan
黑龙江,呼中,HZH,huzhong
黑龙江,互助,HZH,huzhu
黑龙江,峻德,JDE,junde
黑龙江,鸡东,JDO,jidong
黑龙江,加格达奇,JGQ,jiagedaqi
黑龙江,锦河,JHE,jinhe
黑龙江,姜家,JJI,jiangjia
黑龙江,街基,JJI,jieji
黑龙江,佳木斯,JMS,jiamusi
黑龙江,加南,JNA,jianan
黑龙江,江桥,JQI,jiangqiao
黑龙江,九三,JSA,jiusan
黑龙江,界山,JSH,jieshan
黑龙江,建三江,JSJ,jiansanjiang
黑龙江,劲松,JSO,jinsong
黑龙江,金山屯,JST,jinshantun
黑龙江,吉新河,JXH,jixinhe
黑龙江,鸡西,JXI,jixi
黑龙江,九营,JYI,jiuying
黑龙江,凯北,KBE,kaibei
黑龙江,开道,KDA,kaidao
黑龙江,克东,KDO,kedong
黑龙江,宽沟,KGO,kuangou
黑龙江,康金井,KJJ,kangjinjing
黑龙江,克利,KLI,keli
黑龙江,卡路屯,KLT,kalutun
黑龙江,克山,KSH,keshan
黑龙江,奎山,KSH,kuishan
黑龙江,龙船,LCH,longchuan
黑龙江,鹿道,LDA,ludao
黑龙江,劳动屯,LDT,laodongtun
黑龙江,兰岗,LGA,langang
黑龙江,拉古,LGU,lagu
黑龙江,拉哈,LHA,laha
黑龙江,林海,LHA,linhai
黑龙江,鲁河,LHE,luhe
黑龙江,六合镇,LHZ,liuhezhen
黑龙江,李家,LJI,lijia
黑龙江,龙江,LJI,longjiang
黑龙江,莲江口,LJK,lianjiangkou
黑龙江,林口,LKO,linkou
黑龙江,老莱,LLA,laolai
黑龙江,拉林,LLI,lalin
黑龙江,兰棱,LLI,lanleng
黑龙江,兰岭,LLI,lanling
黑龙江,柳毛,LMA,liumao
黑龙江,喇嘛甸,LMD,lamadian
黑龙江,里木店,LMD,limudian
黑龙江,龙门河,LMH,longmenhe
黑龙江,柳树,LSH,liushu
黑龙江,梨树镇,LSZ,lishuzhen
黑龙江,绿潭,LTA,lutan
黑龙江,朗乡,LXI,langxiang
黑龙江,林源,LYU,linyuan
黑龙江,立志,LZH,lizhi
黑龙江,龙镇,LZH,longzhen
黑龙江,连珠山,LZS,lianzhushan
黑龙江,牡丹江,MDJ,mudanjiang
黑龙江,磨刀石,MDS,modaoshi
黑龙江,帽儿山,MES,maoershan
黑龙江,漠河,MHE,mohe
黑龙江,孟家岗,MJG,mengjiagang
黑龙江,马莲河,MLH,malianhe
黑龙江,穆棱,MLI,muleng
黑龙江,马桥河,MQH,maqiaohe
黑龙江,麻山,MSH,mashan
黑龙江,密山,MSH,mishan
黑龙江,密山西,MSX,mishanxi
黑龙江,庙台子,MTZ,miaotaizi
黑龙江,美溪,MXI,meixi
黑龙江,宁安,NAN,ningan
黑龙江,南岔,NCH,nancha
黑龙江,讷尔克气,NEQ,neerkeqi
黑龙江,聂河,NHE,niehe
黑龙江,讷河,NHE,nehe
黑龙江,嫩江,NJI,nenjiang
黑龙江,牛家,NJI,niujia
黑龙江,碾子山,NZS,nianzishan
黑龙江,裴德,PDE,peide
黑龙江,平房,PFA,pingfang
黑龙江,盘古,PGU,pangu
黑龙江,平山,PSH,pingshan
黑龙江,平洋,PYA,pingyang
黑龙江,庆安,QAN,qingan
黑龙江,前锋,QFE,qianfeng
黑龙江,秦家,QJI,qinjia
黑龙江,前进镇,QJZ,qianjinzhen
黑龙江,群力,QLI,qunli
黑龙江,青龙,QLO,qinglong
黑龙江,青岭子,QLZ,qinglingzi
黑龙江,齐齐哈尔,QQE,qiqihaer
黑龙江,齐齐哈尔南,QQN,qiqihaernan
黑龙江,青山,QSH,qingshan
黑龙江,全胜,QSH,quansheng
黑龙江,青水山,QSS,qingshuishan
黑龙江,七台河,QTH,qitaihe
黑龙江,十八站,SBZ,shibazhan
黑龙江,双城北,SCB,shuangchengbei
黑龙江,升昌,SCH,shengchang
黑龙江,石长,SCH,shizhang
黑龙江,双城堡,SCP,shuangchengbao
黑龙江,双丰,SFE,shuangfeng
黑龙江,绥芬河,SFH,suifenhe
黑龙江,四方台,SFT,sifangtai
黑龙江,山河屯,SHT,shanhetun
黑龙江,绥化,SHU,suihua
黑龙江,申家店,SJD,shenjiadian
黑龙江,三间房,SJF,sanjianfang
黑龙江,尚家,SJI,shangjia
黑龙江,沈家,SJI,shenjia
黑龙江,孙家,SJI,sunjia
黑龙江,圣浪,SLA,shenglang
黑龙江,石磷,SLI,shilin
黑龙江,树林,SLI,shulin
黑龙江,双柳,SLI,shuangliu
黑龙江,绥棱,SLI,suileng
黑龙江,双龙山,SLS,shuanglongshan
黑龙江,四马架,SMJ,simajia
黑龙江,宋,SON,song
黑龙江,松青,SQI,songqing
黑龙江,石人城,SRC,shirencheng
黑龙江,山市,SSH,shanshi
黑龙江,神树,SSH,shenshu
黑龙江,松树林,SSL,songshulin
黑龙江,石头,STO,shitou
黑龙江,孙吴,SWU,sunwu
黑龙江,绥西,SXI,suixi
黑龙江,绥阳,SYA,suiyang
黑龙江,双鸭山,SYS,shuangyashan
黑龙江,沙园,SYU,shayuan
黑龙江,尚志,SZH,shangzhi
黑龙江,双子河,SZH,shuangzihe
黑龙江,通北,TBE,tongbei
黑龙江,汤池,TCH,tangchi
黑龙江,塔尔根,TEG,taergen
黑龙江,塔哈,THA,taha
黑龙江,塔河,THE,tahe
黑龙江,团结,TJI,tuanjie
黑龙江,泰康,TKA,taikang
黑龙江,泰来,TLA,tailai
黑龙江,太岭,TLI,tailing
黑龙江,铁力,TLI,tieli
黑龙江,太平桥,TPQ,taipingqiao
黑龙江,太平镇,TPZ,taipingzhen
黑龙江,苔青,TQI,taiqing
黑龙江,图强,TQI,tuqiang
黑龙江,他石海,TSH,tashihai
黑龙江,桃山,TSH,taoshan
黑龙江,通天屯,TTT,tongtiantun
黑龙江,汤旺河,TWH,tangwanghe
黑龙江,太阳沟,TYG,taiyanggou
黑龙江,太阳升,TYS,taiyangsheng
黑龙江,塔源,TYU,tayuan
黑龙江,汤原,TYU,tangyuan
黑龙江,温春,WCH,wenchun
黑龙江,五常,WCH,wuchang
黑龙江,弯道,WDA,wandao
黑龙江,五大连池,WDC,wudalianchi
黑龙江,万发屯,WFT,wanfatun
黑龙江,王岗,WGA,wanggang
黑龙江,苇河,WHE,weihe
黑龙江,五家,WJI,wujia
黑龙江,倭肯,WKE,woken
黑龙江,万乐,WLE,wanle
黑龙江,瓦拉干,WLG,walagan
黑龙江,威岭,WLI,weiling
黑龙江,五林,WLI,wulin
黑龙江,卧里屯,WLT,wolitun
黑龙江,乌鲁布铁,WLT,wulubutie
黑龙江,乌兰昭,WLZ,wulanzhao
黑龙江,卫星,WXI,weixing
黑龙江,王杨,WYA,wangyang
黑龙江,五营,WYI,wuying
黑龙江,乌伊岭,WYL,wuyiling
黑龙江,王兆屯,WZT,wangzhaotun
黑龙江,小白,XBA,xiaobai
黑龙江,下城子,XCZ,xiachengzi
黑龙江,香坊,XFA,xiangfang
黑龙江,绣峰,XFE,xiufeng
黑龙江,兴福,XFU,xingfu
黑龙江,新高峰,XGF,xingaofeng
黑龙江,西岗子,XGZ,xigangzi
黑龙江,襄河,XHE,xianghe
黑龙江,小黑山,XHS,xiaoheishan
黑龙江,新华屯,XHT,xinhuatun
黑龙江,新华,XHU,xinhua
黑龙江,徐家,XJI,xujia
黑龙江,兴凯,XKA,xingkai
黑龙江,香兰,XLA,xianglan
黑龙江,西林,XLI,xilin
黑龙江,小岭,XLI,xiaoling
黑龙江,新林,XLI,xinlin
黑龙江,兴莲,XLI,xinglian
黑龙江,兴隆镇,XLZ,xinglongzhen
黑龙江,西麻山,XMS,ximashan
黑龙江,新青,XQI,xinqing
黑龙江,新泉,XQU,xinquan
黑龙江,杏树,XSH,xingshu
黑龙江,新松浦,XSP,xinsongpu
黑龙江,新天,XTI,xintian
黑龙江,兴无,XWU,xingwu
黑龙江,新香坊,XXF,xinxiangfang
黑龙江,向阳,XYA,xiangyang
黑龙江,新彦,XYA,xinyan
黑龙江,向阳川,XYC,xiangyangchuan
黑龙江,向阳村,XYC,xiangyangcun
黑龙江,小扬气,XYQ,xiaoyangqi
黑龙江,小榆树,XYS,xiaoyushu
黑龙江,新友谊,XYY,xinyouyi
黑龙江,新肇,XZH,xinzhao
黑龙江,依安,YAN,yian
黑龙江,永安乡,YAX,yonganxiang
黑龙江,亚布力,YBL,yabuli
黑龙江,亚布力南,YBN,yabulinan
黑龙江,羊草,YCA,yangcao
黑龙江,伊春,YCH,yichun
黑龙江,迎春,YCH,yingchun
黑龙江,杨岗,YGA,yanggang
黑龙江,亚沟,YGO,yagou
黑龙江,友好,YHA,youhao
黑龙江,亚河,YHE,yahe
黑龙江,阎家,YJI,yanjia
黑龙江,杨家,YJI,yangjia
黑龙江,银浪,YLA,yinlang
黑龙江,伊拉哈,YLH,yilaha
黑龙江,伊林,YLI,yilin
黑龙江,一面坡,YMP,yimianpo
黑龙江,杨木,YMU,yangmu
黑龙江,永庆,YQI,yongqing
黑龙江,玉泉,YQU,yuquan
黑龙江,永胜,YSH,yongsheng
黑龙江,榆树屯,YST,yushutun
黑龙江,烟筒屯,YTT,yantongtun
黑龙江,肇东,ZDO,zhaodong
黑龙江,赵光,ZGU,zhaoguang
黑龙江,中和,ZHE,zhonghe
黑龙江,朱家沟,ZJG,zhujiagou
黑龙江,周家,ZJI,zhoujia
黑龙江,治山,ZSH,zhishan
黑龙江,张维屯,ZWT,zhangweitun
黑龙江,扎音河,ZYH,zhayinhe
黑龙江,壮志,ZZH,zhuangzhi
江苏,栟茶,BCH,bingcha
江苏,宝华山,BHS,baohuashan
江苏,常州北,CZB,changzhoubei
江苏,常州,CZH,changzhou
江苏,崔寨,CZH,cuizhai
江苏,大湖,DHU,dahu
江苏,东台,DTA,dongtai
江苏,丹徒,DTU,dantu
江苏,丹阳,DYA,danyang
江苏,丹阳北,DYB,danyangbei
江苏,阜宁,FNI,funing
江苏,淮安,HAN,huaian
江苏,淮安南,HAN,huaiannan
江苏,海安县,HAX,haianxian
江苏,花桥,HQI,huaqiao
江苏,惠山,HSH,huishan
江苏,江都,JDU,jiangdu
江苏,建湖,JHU,jianhu
江苏,夹河寨,JHZ,jiahezhai
江苏,江宁,JNI,jiangning
江苏,江宁西,JNX,jiangningxi
江苏,句容西,JRX,jurongxi
江苏,姜堰,JYA,jiangyan
江苏,昆山,KSH,kunshan
江苏,昆山南,KSN,kunshannan
江苏,林场,LCH,linchang
江苏,六合,LHE,liuhe
江苏,刘集,LJI,liuji
江苏,溧水,LSH,lishui
江苏,溧阳,LYA,liyang
江苏,连云港东,LYD,lianyungangdong
江苏,连云港,LYG,lianyungang
江苏,南京,NJI,nanjing
江苏,南京南,NJN,nanjingnan
江苏,南京西,NJX,nanjingxi
江苏,南通,NTO,nantong
江苏,沛屯,PTU,peitun
江苏,沛县,PXI,peixian
江苏,邳州,PZH,pizhou
江苏,戚墅堰,QSY,qishuyan
江苏,如东,RDO,rudong
江苏,如皋,RGA,rugao
江苏,石湖村,SHC,shihucun
江苏,泗洪,SHO,sihong
江苏,沭阳,SYA,shuyang
江苏,泗阳,SYA,siyang
江苏,苏州北,SZB,suzhoubei
江苏,苏州,SZH,suzhou
江苏,苏州新区,SZQ,suzhouxinqu
江苏,苏州园区,SZQ,suzhouyuanqu
江苏,铜山,TSH,tongshan
江苏,泰州,TZH,taizhou
江苏,亭子山,TZS,tingzishan
江苏,弯集,WJI,wanji
江苏,瓦屋山,WWS,wawushan
江苏,无锡东,WXD,wuxidong
江苏,无锡,WXI,wuxi
江苏,无锡新区,WXQ,wuxixinqu
江苏,墟沟,XGO,xugou
江苏,仙林,XLI,xianlin
江苏,新沂,XYI,xinyi
江苏,徐州东,XZD,xuzhoudong
江苏,徐州,XZH,xuzhou
江苏,盐城,YCH,yancheng
江苏,阳澄湖,YCH,yangchenghu
江苏,洋河,YHE,yanghe
江苏,永宁镇,YNZ,yongningzhen
江苏,宜兴,YXI,yixing
江苏,扬州,YZH,yangzhou
江苏,仪征,YZH,yizheng
江苏,中华门,ZHM,zhonghuamen
江苏,镇江,ZJI,zhenjiang
江苏,郑集,ZJI,zhengji
江苏,镇江南,ZJN,zhenjiangnan
江苏,张寨,ZZH,zhangzhai
浙江,鳌江,AJI,aojiang
浙江,白鹿塘,BLT,bailutang
浙江,长安镇,CAZ,zhanganzhen
浙江,苍南,CNA,cangnan
浙江,长兴,CXI,zhangxing
浙江,长兴南,CXN,zhangxingnan
浙江,德清,DQI,deqing
浙江,德清西,DQX,deqingxi
浙江,奉化,FHU,fenghua
浙江,艮山门,GSM,genshanmen
浙江,海宁,HNI,haining
浙江,海宁西,HNX,hainingxi
浙江,杭州东,HZD,hangzhoudong
浙江,杭州,HZH,hangzhou
浙江,湖州,HZH,huzhou
浙江,杭州南,HZN,hangzhounan
浙江,杭州东所,HZS,hangzhoudongsuo
浙江,金华南,JHN,jinhuanan
浙江,金华,JHU,jinhua
浙江,笕桥,JQI,jianqiao
浙江,嘉善,JSH,jiashan
浙江,江山,JSH,jiangshan
浙江,嘉善南,JSN,jiashannan
浙江,嘉兴,JXI,jiaxing
浙江,嘉兴南,JXN,jiaxingnan
浙江,缙云,JYU,jinyun
浙江,临海,LHA,linhai
浙江,丽水,LSH,lishui
浙江,兰溪,LXI,lanxi
浙江,龙游,LYO,longyou
浙江,宁波东,NBD,ningbodong
浙江,宁波,NBO,ningbo
浙江,宁海,NHA,ninghai
浙江,浦江,PJI,pujiang
浙江,千岛湖,QDH,qiandaohu
浙江,青田,QTI,qingtian
浙江,衢州,QZH,quzhou
浙江,瑞安,RAN,ruian
浙江,绅坊,SFA,shenfang
浙江,三门县,SMX,sanmenxian
浙江,绍兴北,SXB,shaoxingbei
浙江,绍兴,SXI,shaoxing
浙江,上虞北,SYB,shangyubei
浙江,上虞,SYU,shangyu
浙江,桐乡,TXI,tongxiang
浙江,台州,TZH,taizhou
浙江,温岭,WLI,wenling
浙江,武义,WYI,wuyi
浙江,温州,WZH,wenzhou
浙江,温州南,WZN,wenzhounan
浙江,新安江,XAJ,xinanjiang
浙江,新东孝,XDX,xindongxiao
浙江,新塘边,XTB,xintangbian
浙江,永昌,YCH,yongchang
浙江,雁荡山,YDS,yandangshan
浙江,余杭,YHA,yuhang
浙江,永嘉,YJI,yongjia
浙江,永康,YKA,yongkang
浙江,乐清,YQI,leqing
浙江,义乌,YWU,yiwu
浙江,余姚,YYA,yuyao
浙江,余姚北,YYB,yuyaobei
浙江,诸暨,ZJI,zhuji
浙江,庄桥,ZQI,zhuangqiao
安徽,安庆,AQI,anqing
安徽,安庆西,AQX,anqingxi
安徽,蚌埠南,BBN,bengbunan
安徽,蚌埠,BBU,bengbu
安徽,亳州,BZH,bozhou
安徽,长安集,CAJ,zhanganji
安徽,巢北,CBE,chaobei
安徽,巢湖东,CHD,chaohudong
安徽,巢湖,CHU,chaohu
安徽,长临河,CLH,zhanglinhe
安徽,滁州北,CZB,chuzhoubei
安徽,池州,CZH,chizhou
安徽,滁州,CZH,chuzhou
安徽,砀山,DSH,dangshan
安徽,当涂东,DTD,dangtudong
安徽,墩义堂,DYT,dunyitang
安徽,定远,DYU,dingyuan
安徽,东至,DZH,dongzhi
安徽,繁昌西,FCX,fanchangxi
安徽,肥东,FDO,feidong
安徽,符离集,FLJ,fuliji
安徽,阜南,FNA,funan
安徽,肥西,FXI,feixi
安徽,凤阳,FYA,fengyang
安徽,阜阳,FYA,fuyang
安徽,广德,GDE,guangde
安徽,涡阳,GYA,woyang
安徽,固镇,GZH,guzhen
安徽,淮北,HBE,huaibei
安徽,合肥北城,HFC,hefeibeicheng
安徽,合肥,HFE,hefei
安徽,合肥南,HFN,hefeinan
安徽,合肥西,HFX,hefeixi
安徽,淮南,HNA,huainan
安徽,淮南东,HND,huainandong
安徽,霍邱,HQI,huoqiu
安徽,黄山北,HSB,huangshanbei
安徽,黄山,HSH,huangshan
安徽,旌德,JDE,jingde
安徽,绩溪北,JXB,jixibei
安徽,泾县,JXI,jingxian
安徽,绩溪县,JXX,jixixian
安徽,金寨,JZH,jinzhai
安徽,柯坦,KTA,ketan
安徽,六安,LAN,liuan
安徽,灵璧,LBI,lingbi
安徽,庐江,LJI,lujiang
安徽,炉桥,LQI,luqiao
安徽,马鞍山东,MAD,maanshandong
安徽,马鞍山,MAS,maanshan
安徽,明光,MGU,mingguang
安徽,宁国,NGU,ningguo
安徽,南陵,NLI,nanling
安徽,全椒,QJI,quanjiao
安徽,青龙山,QLS,qinglongshan
安徽,祁门,QME,qimen
安徽,舒城,SCH,shucheng
安徽,水家湖,SJH,shuijiahu
安徽,宿松,SSO,susong
安徽,三十里铺,SSP,sanshilipu
安徽,三堂集,STJ,santangji
安徽,歙县北,SXB,xixianbei
安徽,泗县,SXI,sixian
安徽,歙县,SXI,xixian
安徽,宿州东,SZD,suzhoudong
安徽,宿州,SZH,suzhou
安徽,狮子山,SZS,shizishan
安徽,桐城,TCH,tongcheng
安徽,太湖,THU,taihu
安徽,铜陵北,TLB,tonglingbei
安徽,铜陵,TLI,tongling
安徽,天柱山,TZS,tianzhushan
安徽,芜湖,WHU,wuhu
安徽,望江,WJI,wangjiang
安徽,无为,WWE,wuwei
安徽,宣城,XCH,xuancheng
安徽,新河,XHE,xinhe
安徽,叶集,YJI,yeji
安徽,弋江,YJI,yijiang
安徽,颍上,YSH,yingshang
安徽,裕溪口,YXK,yuxikou
安徽,张集,ZJI,zhangji
福建,安溪,AXI,anxi
福建,坂尾,BWE,banwei
福建,草坂,CBA,caoban
福建,长基,CJI,zhangji
福建,长庆,CQI,zhangqing
福建,长汀,CTI,zhangting
福建,长汀南,CTN,zhangtingnan
福建,大深,DSH,dashen
福建,杜坞,DWU,duwu
福建,福安,FAN,fuan
福建,福德,FDE,fude
福建,福鼎,FDI,fuding
福建,福清,FQI,fuqing
福建,福州,FZH,fuzhou
福建,福州南,FZN,fuzhounan
福建,感德,GDE,gande
福建,格口,GKO,gekou
福建,古田北,GTB,gutianbei
福建,古田,GTI,gutian
福建,古田会址,GTZ,gutianhuizhi
福建,光泽,GZE,guangze
福建,冠豸山,GZS,guanzhaishan
福建,华安,HAN,huaan
福建,惠安,HAN,huian
福建,涵江北,HJB,hanjiangbei
福建,涵江,HJI,hanjiang
福建,湖头,HTO,hutou
福建,红星线路所,HXS,hongxingxianlusuo
福建,金谷,JGU,jingu
福建,晋江,JJI,jinjiang
福建,将乐,JLE,jiangle
福建,角美,JME,jiaomei
福建,建宁县北,JNB,jianningxianbei
福建,建瓯,JOU,jianou
福建,建瓯西,JOX,jianouxi
福建,基太,JTA,jitai
福建,建阳,JYA,jianyang
福建,连江,LJI,lianjiang
福建,龙山镇,LSZ,longshanzhen
福建,龙岩,LYA,longyan
福建,罗源,LYU,luoyuan
福建,来舟,LZH,laizhou
福建,马坑,MKE,makeng
福建,闽清北,MQB,minqingbei
福建,闽清,MQI,minqing
福建,梅水坑,MSK,meishuikeng
福建,麦园,MYU,maiyuan
福建,南安,NAN,nanan
福建,宁德,NDE,ningde
福建,南靖,NJI,nanjing
福建,南平北,NPB,nanpingbei
福建,南平,NPI,nanping
福建,南平南,NPN,nanpingnan
福建,苹林,PLI,pinglin
福建,莆田,PTI,putian
福建,前场,QCH,qianchang
福建,泉州东,QZD,quanzhoudong
福建,青州,QZH,qingzhou
福建,泉州,QZH,quanzhou
福建,苏坂,SBA,suban
福建,顺昌,SCH,shunchang
福建,上杭,SHA,shanghang
福建,三明北,SMB,sanmingbei
福建,三明,SMI,sanming
福建,邵武,SWU,shaowu
福建,沙县,SXI,shaxian
福建,太姥山,TMS,tailaoshan
福建,泰宁,TNI,taining
福建,外洋,WYA,waiyang
福建,武夷山北,WYB,wuyishanbei
福建,武夷山东,WYD,wuyishandong
福建,武夷山,WYS,wuyishan
福建,杏林,XLI,xinglin
福建,夏茂,XMA,xiamao
福建,厦门北,XMB,xiamenbei
福建,厦门,XME,xiamen
福建,厦门高崎,XMQ,xiamengaoqi
福建,霞浦,XPU,xiapu
福建,仙师,XSH,xianshi
福建,仙游,XYO,xianyou
福建,小舟,XZH,xiaozhou
福建,永安,YAN,yongan
福建,永定,YDI,yongding
福建,雁石,YSH,yanshi
福建,永泰,YTA,yongtai
福建,尤溪,YXI,youxi
福建,云霄,YXI,yunxiao
福建,诏安,ZAN,zhaoan
福建,樟林,ZLI,zhanglin
福建,漳平,ZPI,zhangping
福建,漳浦,ZPU,zhangpu
福建,中仙,ZXI,zhongxian
福建,漳州东,ZZD,zhangzhoudong
福建,漳州,ZZH,zhangzhou
江西,八都,BDU,badu
江西,彬江,BJI,binjiang
江西,白源,BYU,baiyuan
江西,池江,CJI,chijiang
江西,崇仁,CRE,chongren
江西,茶亭,CTI,chating
江西,德安,DAN,dean
江西,大岗,DGA,dagang
江西,定南,DNA,dingnan
江西,德兴,DXI,dexing
江西,东乡,DXI,dongxiang
江西,大余,DYU,dayu
江西,大洋洲,DYZ,dayangzhou
江西,丰城,FCH,fengcheng
江西,丰城南,FCN,fengchengnan
江西,福港,FGA,fugang
江西,浮梁,FLI,fuliang
江西,分宜,FYI,fenyi
江西,抚州北,FZB,fuzhoubei
江西,抚州东,FZD,fuzhoudong
江西,抚州,FZH,fuzhou
江西,高安,GAN,gaoan
江西,冠朝,GCH,guanchao
江西,共青城,GQC,gongqingcheng
江西,甘棠,GTA,gantang
江西,赣县,GXI,ganxian
江西,贵溪,GXI,guixi
江西,高兴镇,GXZ,gaoxingzhen
江西,赣州东,GZD,ganzhoudong
江西,赣州,GZH,ganzhou
江西,会昌北,HCB,huichangbei
江西,横峰,HFE,hengfeng
江西,横岗,HGA,henggang
江西,湖口,HKO,hukou
江西,画桥,HQI,huaqiao
江西,黄土岗,HTG,huangtugang
江西,河下,HXI,hexia
江西,吉安,JAN,jian
江西,吉安南,JAN,jiannan
江西,江边村,JBC,jiangbiancun
江西,景德镇,JDZ,jingdezhen
江西,井冈山,JGS,jinggangshan
江西,江家,JJI,jiangjia
江西,九江,JJI,jiujiang
江西,九江西,JJX,jiujiangxi
江西,九里垄,JLL,jiulilong
江西,吉水,JSH,jishui
江西,军山,JSH,junshan
江西,进贤,JXI,jinxian
江西,进贤南,JXN,jinxiannan
江西,临川,LCH,linchuan
江西,吕坊,LFA,lvfang
江西,罗坊,LFA,luofang
江西,乐化,LHU,lehua
江西,梁家渡,LJD,liangjiadu
江西,龙口,LKO,longkou
江西,栗木,LMU,limu
江西,龙南,LNA,longnan
江西,罗陂岗,LPG,luobeigang
江西,乐平市,LPS,lepingshi
江西,醪桥,LQI,laoqiao
江西,龙市,LSH,longshi
江西,庐山,LSH,lushan
江西,莲塘,LTA,liantang
江西,芦溪,LXI,luxi
江西,楼子下所,LZS,louzixiasuo
江西,梅关,MGU,meiguan
江西,马回岭,MHL,mahuiling
江西,南昌北,NCB,nanchangbei
江西,南昌,NCH,nanchang
江西,南城,NCH,nancheng
江西,南昌西,NCX,nanchangxi
江西,南丰,NFE,nanfeng
江西,南康,NKA,nankang
江西,南塘镇,NTZ,nantangzhen
江西,鲇鱼山,NYS,nianyushan
江西,萍乡北,PXB,pingxiangbei
江西,萍乡,PXI,pingxiang
江西,彭泽,PZE,pengze
江西,泉江,QJI,quanjiang
江西,旗口,QKO,qikou
江西,铅山西,QSX,qianshanxi
江西,瑞昌,RCH,ruichang
江西,瑞金,RJI,ruijin
江西,沙村,SCU,shacun
江西,三江镇,SJZ,sanjiangzhen
江西,上饶,SRA,shangrao
江西,峙滩,STA,zhitan
江西,潭岗,TGA,tangang
江西,泰和,THE,taihe
江西,腾桥,TQI,tengqiao
江西,五府山,WFS,wufushan
江西,温家圳,WJZ,wenjiazhen
江西,万年,WNI,wannian
江西,婺源,WYU,wuyuan
江西,新城,XCH,xincheng
江西,小池口,XCK,xiaochikou
江西,西村,XCU,xicun
江西,信丰,XFE,xinfeng
江西,新干,XGA,xingan
江西,兴国,XGU,xingguo
江西,峡江,XJI,xiajiang
江西,新祺周,XQZ,xinqizhou
江西,向塘,XTA,xiangtang
江西,向塘西,XTX,xiangtangxi
江西,新余北,XYB,xinyubei
江西,新余,XYU,xinyu
江西,宜春,YCH,yichun
江西,宜春西,YCX,yichunxi
江西,于都,YDU,yudu
江西,余家,YJI,yujia
江西,余江,YJI,yujiang
江西,杨家岭,YJL,yangjialing
江西,姚家洲,YJZ,yaojiazhou
江西,永平,YPI,yongping
江西,营盘上,YPS,yingpanshang
江西,玉山,YSH,yushan
江西,硬石岭,YSL,yingshiling
江西,玉山南,YSN,yushannan
江西,鹰潭,YTA,yingtan
江西,鹰潭北,YTB,yingtanbei
江西,永修,YXI,yongxiu
江西,弋阳,YYA,yiyang
江西,左港,ZGA,zuogang
江西,张家山,ZJS,zhangjiashan
江西,樟树东,ZSD,zhangshudong
江西,樟树,ZSH,zhangshu
江西,张巷,ZXI,zhangxiang
江西,资溪,ZXI,zixi
山东,北牟,BMU,beimou
山东,博山,BSH,boshan
山东,博兴,BXI,boxing
山东,埠西头,BXT,buxitou
山东,滨州,BZH,binzhou
山东,沧口,CKO,cangkou
山东,昌乐,CLE,changle
山东,崔马庄所,CMS,cuimazhuangsuo
山东,草庙子,CMZ,caomiaozi
山东,曹县,CXI,caoxian
山东,城阳,CYA,chengyang
山东,磁窑,CYA,ciyao
山东,常庄,CZH,changzhuang
山东,大港,DGA,dagang
山东,党家庄,DJZ,dangjiazhuang
山东,大昆仑,DKL,dakunlun
山东,东明县,DMX,dongmingxian
山东,定陶,DTA,dingtao
山东,东营,DYI,dongying
山东,东营南,DYN,dongyingnan
山东,德州东,DZD,dezhoudong
山东,德州,DZH,dezhou
山东,费县,FXI,feixian
山东,范镇,FZH,fanzhen
山东,高密,GMI,gaomi
山东,黄口,HKO,huangkou
山东,桓台,HTA,huantai
山东,黑旺,HWA,heiwang
山东,海阳,HYA,haiyang
山东,海阳北,HYB,haiyangbei
山东,菏泽,HZE,heze
山东,菏泽南,HZN,hezenan
山东,鄄城,JCH,juancheng
山东,即墨北,JMB,jimobei
山东,济南,JNA,jinan
山东,莒南,JNA,junan
山东,济南东,JND,jinandong
山东,济宁,JNI,jining
山东,济南西,JNX,jinanxi
山东,济南中心,JNX,jinanzhongxin
山东,济铁旅,JTL,jitielv
山东,嘉祥,JXI,jiaxiang
山东,莒县,JXI,juxian
山东,巨野,JYE,juye
山东,胶州北,JZB,jiaozhoubei
山东,胶州,JZH,jiaozhou
山东,口头,KTO,koutou
山东,聊城北,LCB,liaochengbei
山东,聊城,LCH,liaocheng
山东,陵城,LCH,lingcheng
山东,蓝村,LCU,lancun
山东,梁堤头,LDT,liangditou
山东,蔺家楼,LJL,linjialou
山东,利津南,LJN,lijinnan
山东,临清,LQI,linqing
山东,梁山,LSH,liangshan
山东,莱芜东,LWD,laiwudong
山东,莱芜西,LWX,laiwuxi
山东,莱西北,LXB,laixibei
山东,莱西,LXI,laixi
山东,临西,LXI,linxi
山东,莱阳,LYA,laiyang
山东,临沂北,LYB,linyibei
山东,临沂,LYI,linyi
山东,临邑,LYI,linyi
山东,刘征,LZH,liuzheng
山东,临淄,LZI,linzi
山东,牟平,MPI,mouping
山东,南博山,NBS,nanboshan
山东,南仇,NCH,nanchou
山东,南定,NDI,nanding
山东,平度,PDU,pingdu
山东,铺集,PJI,puji
山东,坪上,PSH,pingshang
山东,平邑,PYI,pingyi
山东,平原,PYU,pingyuan
山东,青岛,QDA,qingdao
山东,青岛北,QDB,qingdaobei
山东,曲阜东,QFD,qufudong
山东,曲阜,QFU,qufu
山东,桥南,QNA,qiaonan
山东,青州市,QZS,qingzhoushi
山东,荣成,RCH,rongcheng
山东,乳山,RSH,rushan
山东,日照,RZH,rizhao
山东,四方,SFA,sifang
山东,上高镇,SGZ,shanggaozhen
山东,商河,SHE,shanghe
山东,司家岭,SJL,sijialing
山东,泗水,SSH,sishui
山东,算王庄,SWZ,suanwangzhuang
山东,泰安,TAN,taian
山东,桃村北,TCB,taocunbei
山东,桃村东,TCD,taocundong
山东,郯城,TCH,tancheng
山东,桃村,TCU,taocun
山东,泰山,TSH,taishan
山东,堂邑,TYI,tangyi
山东,滕州东,TZD,tengzhoudong
山东,滕州,TZH,tengzhou
山东,文登东,WDD,wendengdong
山东,文登,WDE,wendeng
山东,潍坊,WFA,weifang
山东,威海,WHA,weihai
山东,威海北,WHB,weihaibei
山东,五莲,WLI,wulian
山东,下初,XCH,xiachu
山东,西桐古,XTG,xitonggu
山东,晏城北,YCB,yanchengbei
山东,禹城,YCH,yucheng
山东,郓城,YCH,yuncheng
山东,晏城,YCH,yancheng
山东,阳谷,YGU,yanggu
山东,燕家庄,YJZ,yanjiazhuang
山东,沂南,YNA,yinan
山东,源迁,YQI,yuanqian
山东,沂水,YSH,yishui
山东,烟台,YTA,yantai
山东,烟台南,YTN,yantainan
山东,阳信,YXI,yangxin
山东,兖州,YZH,yanzhou
山东,淄博,ZBO,zibo
山东,诸城,ZCH,zhucheng
山东,淄川,ZCH,zichuan
山东,邹城,ZCH,zoucheng
山东,芝罘,ZFU,zhifu
山东,芝兰庄,ZLZ,zhilanzhuang
山东,章丘,ZQI,zhangqiu
山东,诸往,ZWA,zhuwang
山东,枣庄,ZZH,zaozhuang
山东,枣庄西,ZZX,zaozhuangxi
河南,安阳,AYA,anyang
河南,安阳东,AYD,anyangdong
河南,白合,BHE,baihe
河南,北召店,BZD,beizhaodian
河南,草店,CDI,caodian
河南,长葛,CGE,zhangge
河南,长垣,CYU,zhangyuan
河南,待王,DWA,daiwang
河南,邓州,DZH,dengzhou
河南,董庄,DZH,dongzhuang
河南,二郎庙,ELM,erlangmiao
河南,封丘,FQI,fengqiu
河南,构林,GLI,goulin
河南,关林,GLI,guanlin
河南,耿坡,GPO,gengpo
河南,固始,GSH,gushi
河南,巩义,GYI,gongyi
河南,巩义南,GYN,gongyinan
河南,鹤壁东,HBD,hebidong
河南,鹤壁,HBI,hebi
河南,淮滨,HBI,huaibin
河南,潢川,HCH,huangchuan
河南,黄河景区,HHQ,huanghejingqu
河南,获嘉,HJI,huojia
河南,韩堂,HTA,hantang
河南,滑县南,HXN,huaxiannan
河南,后寨,HZH,houzhai
河南,贾鲁河,JLH,jialuhe
河南,济源,JYU,jiyuan
河南,焦作东,JZD,jiaozuodong
河南,焦作,JZU,jiaozuo
河南,开封,KFE,kaifeng
河南,灵宝,LBA,lingbao
河南,灵宝西,LBX,lingbaoxi
河南,绿博园,LBY,luboyuan
河南,莲东,LDO,liandong
河南,漯河,LHE,luohe
河南,漯河西,LHX,luohexi
河南,兰考,LKA,lankao
河南,临汝镇,LRZ,linruzhen
河南,鲁山,LSH,lushan
河南,罗山,LSH,luoshan
河南,洛阳,LYA,luoyang
河南,洛阳东,LYD,luoyangdong
河南,临颍,LYI,linying
河南,洛阳龙门,LYM,luoyanglongmen
河南,留庄,LZH,liuzhuang
河南,渑池,MCH,mianchi
河南,渑池南,MCN,mianchinan
河南,明港,MGA,minggang
河南,明港东,MGD,minggangdong
河南,孟津,MJI,mengjin
河南,孟庙,MMI,mengmiao
河南,民权,MQU,minquan
河南,庙下,MXI,miaoxia
河南,宁陵县,NLX,ninglingxian
河南,内乡,NXI,neixiang
河南,南阳,NYA,nanyang
河南,南阳东,NYD,nanyangdong
河南,南阳西,NYX,nanyangxi
河南,南阳寨,NYZ,nanyangzhai
河南,南召,NZH,nanzhao
河南,捏掌,NZH,niezhang
河南,平顶山,PDS,pingdingshan
河南,平顶山西,PDX,pingdingshanxi
河南,盘古寺,PGS,pangusi
河南,蒲山店,PSD,pushandian
河南,圃田西,PTX,putianxi
河南,沁河北,QHB,qinhebei
河南,确山,QSH,queshan
河南,沁阳,QYA,qinyang
河南,穰东,RDO,rangdong
河南,瀼河,RHE,ranghe
河南,汝阳,RYA,ruyang
河南,汝州,RZH,ruzhou
河南,商城,SCH,shangcheng
河南,宋城路,SCL,songchenglu
河南,上街,SJI,shangjie
河南,商酒务,SJW,shangjiuwu
河南,三门峡南,SMN,sanmenxianan
河南,三门峡,SMX,sanmenxia
河南,三门峡西,SMX,sanmenxiaxi
河南,遂平,SPI,suiping
河南,商丘,SQI,shangqiu
河南,沈丘,SQI,shenqiu
河南,商丘南,SQN,shangqiunan
河南,狮子营,SZY,shiziying
河南,桐柏,TBA,tongbai
河南,唐河,THE,tanghe
河南,塔前,TQI,taqian
河南,台前,TQI,taiqian
河南,太要,TYA,taiyao
河南,汤阴,TYI,tangyin
河南,卫辉,WHU,weihui
河南,王楼,WLO,wanglou
河南,文庄村,WZC,wenzhuangcun
河南,王庄,WZH,wangzhuang
河南,武陟,WZH,wuzhi
河南,新安县,XAX,xinanxian
河南,许昌东,XCD,xuchangdong
河南,项城,XCH,xiangcheng
河南,许昌,XCH,xuchang
河南,夏集,XJI,xiaji
河南,西平,XPI,xiping
河南,小屯街,XTJ,xiaotunjie
河南,修武,XWU,xiuwu
河南,修武西,XWX,xiuwuxi
河南,新乡东,XXD,xinxiangdong
河南,西峡,XXI,xixia
河南,息县,XXI,xixian
河南,新县,XXI,xinxian
河南,新乡,XXI,xinxiang
河南,信阳,XYA,xinyang
河南,信阳东,XYD,xinyangdong
河南,夏邑县,XYX,xiayixian
河南,新郑,XZH,xinzheng
河南,伊川,YCH,yichuan
河南,虞城县,YCX,yuchengxian
河南,延津,YJI,yanjin
河南,运粮河,YLH,yunlianghe
河南,义马,YMA,yima
河南,月山,YSH,yueshan
河南,偃师,YSH,yanshi
河南,轵城,ZCH,zhicheng
河南,周口,ZKO,zhoukou
河南,驻马店,ZMD,zhumadian
河南,中牟,ZMU,zhongmou
河南,驻马店西,ZMX,zhumadianxi
河南,镇平,ZPI,zhenping
河南,中原,ZYU,zhongyuan
河南,郑州东,ZZD,zhengzhoudong
河南,郑州,ZZH,zhengzhou
河南,郑州西,ZZX,zhengzhouxi
湖北,安陆,ALU,anlu
湖北,巴东,BDO,badong
湖北,赤壁北,CBB,chibibei
湖北,赤壁,CBI,chibi
湖北,长江埠,CJB,zhangjiangbu
湖北,陈家湖,CJH,chenjiahu
湖北,蔡山,CSH,caishan
湖北,长阳,CYA,zhangyang
湖北,丹水池,DSC,danshuichi
湖北,当阳,DYA,dangyang
湖北,大冶北,DYB,dayebei
湖北,恩施,ESH,enshi
湖北,鄂州东,EZD,ezhoudong
湖北,鄂州,EZH,ezhou
湖北,谷城,GCH,gucheng
湖北,葛店南,GDN,gediannan
湖北,隔蒲,GPU,gepu
湖北,广水,GSH,guangshui
湖北,郜营,GYI,gaoying
湖北,红安,HAN,hongan
湖北,红安西,HAX,honganxi
湖北,汉川,HCH,hanchuan
湖北,横车,HCH,hengche
湖北,横店东,HDD,hengdiandong
湖北,黄冈,HGA,huanggang
湖北,横沟桥东,HGD,henggouqiaodong
湖北,黄冈东,HGD,huanggangdong
湖北,花果,HGU,huaguo
湖北,黄冈西,HGX,huanggangxi
湖北,花湖,HHU,huahu
湖北,胡家营,HJY,hujiaying
湖北,汉口,HKO,hankou
湖北,何刘,HLI,heliu
湖北,黄梅,HME,huangmei
湖北,华容东,HRD,huarongdong
湖北,华容南,HRN,huarongnan
湖北,华容,HRO,huarong
湖北,黄石北,HSB,huangshibei
湖北,贺胜桥东,HSD,heshengqiaodong
湖北,黄石东,HSD,huangshidong
湖北,黄石,HSH,huangshi
湖北,花山南,HSN,huashannan
湖北,花山所,HSS,huashansuo
湖北,汉西,HXI,hanxi
湖北,花园,HYU,huayuan
湖北,黄州,HZH,huangzhou
湖北,荆门,JME,jingmen
湖北,建始,JSH,jianshi
湖北,京山,JSH,jingshan
湖北,界首,JSH,jieshou
湖北,荆州,JZH,jingzhou
湖北,孔垄,KLO,konglong
湖北,利川,LCH,lichuan
湖北,流芳,LFA,liufang
湖北,老河口东,LHD,laohekoudong
湖北,浪河,LHE,langhe
湖北,厉山,LSH,lishan
湖北,凉雾,LWU,liangwu
湖北,麻城北,MCB,machengbei
湖北,麻城,MCH,macheng
湖北,马棚,MPE,mapeng
湖北,庙山,MSH,miaoshan
湖北,南湖东,NHD,nanhudong
湖北,普安,PAN,puan
湖北,蒲圻,PQI,puqi
湖北,蕲春,QCH,qichun
湖北,潜江,QJI,qianjiang
湖北,滠口,SKO,shekou
湖北,山坡东,SPD,shanpodong
湖北,十堰,SYA,shiyan
湖北,随州,SZH,suizhou
湖北,松滋,SZI,songzi
湖北,土地堂东,TDD,tuditangdong
湖北,团风,TFE,tuanfeng
湖北,太和县,THX,taihexian
湖北,天门,TME,tianmen
湖北,天门南,TMN,tianmennan
湖北,铁山,TSH,tieshan
湖北,汤逊湖,TXH,tangxunhu
湖北,武昌东,WCD,wuchangdong
湖北,武昌,WCH,wuchang
湖北,武昌南,WCN,wuchangnan
湖北,武当山,WDS,wudangshan
湖北,武汉,WHA,wuhan
湖北,武汉北,WHB,wuhanbei
湖北,乌龙泉南,WLN,wulongquannan
湖北,武穴,WXU,wuxue
湖北,新墩,XDU,xindun
湖北,孝感,XGA,xiaogan
湖北,孝感北,XGB,xiaoganbei
湖北,西河村,XHC,xihecun
湖北,小花果,XHG,xiaohuaguo
湖北,小林,XLI,xiaolin
湖北,肖马杨所,XMS,xiaomayangsuo
湖北,咸宁北,XNB,xianningbei
湖北,咸宁东,XND,xianningdong
湖北,咸宁,XNI,xianning
湖北,咸宁南,XNN,xianningnan
湖北,浠水,XSH,xishui
湖北,仙桃西,XTX,xiantaoxi
湖北,下辛店,XXD,xiaxindian
湖北,襄阳,XYA,xiangyang
湖北,襄阳北,XYB,xiangyangbei
湖北,襄阳东,XYD,xiangyangdong
湖北,西斋,XZH,xizhai
湖北,宜昌东,YCD,yichangdong
湖北,宜昌,YCH,yichang
湖北,宜城,YCH,yicheng
湖北,应城,YCH,yingcheng
湖北,余家湾,YJW,yujiawan
湖北,云梦,YME,yunmeng
湖北,鸦雀岭,YQL,yaqueling
湖北,阳新,YXI,yangxin
湖北,枝城,ZCH,zhicheng
湖北,纸坊东,ZFD,zhifangdong
湖北,枝江北,ZJB,zhijiangbei
湖北,左岭,ZLI,zuoling
湖北,周铁岗,ZTG,zhoutiegang
湖北,钟祥,ZXI,zhongxiang
湖北,枣阳,ZYA,zaoyang
湖南,安化,AHU,anhua
湖南,安仁,ARE,anren
湖南,常德,CDE,changde
湖南,茶陵,CLI,chaling
湖南,慈利,CLI,cili
湖南,茶陵南,CLN,chalingnan
湖南,茶陵西,CLX,chalingxi
湖南,长沙,CSH,zhangsha
湖南,长沙南,CSN,zhangshanan
湖南,辰溪,CXI,chenxi
湖南,郴州,CZH,chenzhou
湖南,郴州西,CZX,chenzhouxi
湖南,东安东,DAD,dongandong
湖南,东安,DAN,dongan
湖南,大禾塘,DHT,dahetang
湖南,道州,DZH,daozhou
湖南,低庄,DZH,dizhuang
湖南,海安南,HAN,haiannan
湖南,怀化南,HHN,huaihuanan
湖南,怀化,HHU,huaihua
湖南,衡南,HNA,hengnan
湖南,汉寿,HSH,hanshou
湖南,衡山,HSH,hengshan
湖南,衡山西,HSX,hengshanxi
湖南,会同,HTO,huitong
湖南,衡阳,HYA,hengyang
湖南,衡阳东,HYD,hengyangdong
湖南,江华,JHU,jianghua
湖南,吉首,JSH,jishou
湖南,江永,JYO,jiangyong
湖南,靖州,JZH,jingzhou
湖南,捞刀河,LDH,laodaohe
湖南,娄底,LDI,loudi
湖南,娄底南,LDN,loudinan
湖南,理家坪,LJP,lijiaping
湖南,路口铺,LKP,lukoupu
湖南,醴陵东,LLD,lilingdong
湖南,临澧,LLI,linli
湖南,零陵,LLI,lingling
湖南,醴陵,LLI,liling
湖南,冷水江东,LSD,lengshuijiangdong
湖南,临湘,LXI,linxiang
湖南,澧县,LXI,lixian
湖南,泸阳,LYA,luyang
湖南,耒阳,LYA,leiyang
湖南,涟源,LYU,lianyuan
湖南,耒阳西,LYX,leiyangxi
湖南,猛洞河,MDH,mengdonghe
湖南,汨罗东,MLD,miluodong
湖南,汨罗,MLU,miluo
湖南,马田墟,MTX,matianxu
湖南,麻阳,MYA,mayang
湖南,宁乡,NXI,ningxiang
湖南,祁东北,QDB,qidongbei
湖南,祁东,QDO,qidong
湖南,祁阳,QYA,qiyang
湖南,祁阳北,QYB,qiyangbei
湖南,石门县北,SMB,shimenxianbei
湖南,石门县,SMX,shimenxian
湖南,双牌,SPA,shuangpai
湖南,韶山,SSH,shaoshan
湖南,韶山南,SSN,shaoshannan
湖南,邵阳,SYA,shaoyang
湖南,邵阳北,SYB,shaoyangbei
湖南,塘豹,TBA,tangbao
湖南,通道,TDA,tongdao
湖南,新化南,XHN,xinhuanan
湖南,新化,XHU,xinhua
湖南,新晃,XHU,xinhuang
湖南,新晃西,XHX,xinhuangxi
湖南,溆浦南,XPN,xupunan
湖南,溆浦,XPU,xupu
湖南,新桥铺,XQP,xinqiaopu
湖南,向韶,XSH,xiangshao
湖南,湘潭,XTA,xiangtan
湖南,湘潭北,XTB,xiangtanbei
湖南,湘乡,XXI,xiangxiang
湖南,炎陵,YLI,yanling
湖南,攸县,YXI,youxian
湖南,攸县南,YXN,youxiannan
湖南,益阳,YYA,yiyang
湖南,岳阳,YYA,yueyang
湖南,益阳东,YYD,yiyangdong
湖南,岳阳东,YYD,yueyangdong
湖南,永州,YZH,yongzhou
湖南,张家界北,ZJB,zhangjiajiebei
湖南,芷江,ZJI,zhijiang
湖南,张家界,ZJJ,zhangjiajie
湖南,紫溪,ZXI,zixi
湖南,株洲,ZZH,zhuzhou
湖南,株洲西,ZZX,zhuzhouxi
广东,北滘,BJI,beijiao
广东,碧江,BJI,bijiang
广东,坂田,BTI,bantian
广东,车岗,CGA,chegang
广东,翠亨,CHE,cuiheng
广东,常平,CPI,changping
广东,潮汕,CSH,chaoshan
广东,春湾,CWA,chunwan
广东,潮阳,CYA,chaoyang
广东,潮州,CZH,chaozhou
广东,电白,DBA,dianbai
广东,东莞东,DGD,dongguandong
广东,东莞,DGU,dongguan
广东,大埔,DPU,dapu
广东,东升,DSH,dongsheng
广东,丹霞山,DXS,danxiashan
广东,丰顺,FSH,fengshun
广东,佛山,FSH,foshan
广东,光明城,GMC,guangmingcheng
广东,广宁,GNI,guangning
广东,广州北,GZB,guangzhoubei
广东,广州东,GZD,guangzhoudong
广东,高州,GZH,gaozhou
广东,古镇,GZH,guzhen
广东,广州,GZH,guangzhou
广东,广州南,GZN,guangzhounan
广东,广州西,GZX,guangzhouxi
广东,华城,HCH,huacheng
广东,惠东,HDO,huidong
广东,怀集,HJI,huaiji
广东,虎门,HME,humen
广东,鲘门,HME,houmen
广东,和平,HPI,heping
广东,琥市,HSH,hushi
广东,河源,HYU,heyuan
广东,化州,HZH,huazhou
广东,惠州,HZH,huizhou
广东,惠州南,HZN,huizhounan
广东,惠州西,HZX,huizhouxi
广东,江海,JHA,jianghai
广东,锦和,JHE,jinhe
广东,九龙,JLO,jiulong
广东,江门,JME,jiangmen
广东,揭阳,JYA,jieyang
广东,葵潭,KTA,kuitan
广东,乐昌,LCH,lechang
广东,龙川,LCH,longchuan
广东,陆丰,LFE,lufeng
广东,芦洪市,LHS,luhongshi
广东,廉江,LJI,lianjiang
广东,连江口,LJK,lianjiangkou
广东,礼乐,LYU,lile
广东,雷州,LZH,leizhou
广东,茂名东,MMD,maomingdong
广东,茂名,MMI,maoming
广东,梅州,MZH,meizhou
广东,明珠,MZH,mingzhu
广东,南江口,NJK,nanjiangkou
广东,南朗,NLA,nanlang
广东,南头,NTO,nantou
广东,南雄,NXI,nanxiong
广东,平湖南,PHN,pinghunan
广东,平湖,PHU,pinghu
广东,普宁,PNI,puning
广东,坪石,PSH,pingshi
广东,前山,QSH,qianshan
广东,庆盛,QSH,qingsheng
广东,清远,QYU,qingyuan
广东,容桂,RGU,ronggui
广东,饶平,RPI,raoping
广东,顺德,SDE,shunde
广东,顺德学院,SDY,shundexueyuan
广东,韶关东,SGD,shaoguandong
广东,韶关,SGU,shaoguan
广东,畲江,SJI,shejiang
广东,沙琅,SLA,shalang
广东,石龙,SLO,shilong
广东,三水,SSH,sanshui
广东,三水南,SSN,sanshuinan
广东,汕头,STO,shantou
广东,汕尾,SWE,shanwei
广东,始兴,SXI,shixing
广东,遂溪,SXI,suixi
广东,深圳北,SZB,shenzhenbei
广东,深圳东,SZD,shenzhendong
广东,深圳,SZH,shenzhen
广东,深圳坪山,SZS,shenzhenpingshan
广东,深圳西,SZX,shenzhenxi
广东,唐家湾,TJW,tangjiawan
广东,塘口,TKO,tangkou
广东,天堂,TTA,tiantang
广东,桃映,TYI,taoying
广东,吴川,WCH,wuchuan
广东,新会,XHU,xinhui
广东,小榄,XLA,xiaolan
广东,西丽,XLI,xili
广东,兴宁,XNI,xingning
广东,徐闻,XWE,xuwen
广东,新兴县,XXX,xinxingxian
广东,信宜,XYI,xinyi
广东,阳春,YCH,yangchun
广东,英德,YDE,yingde
广东,英德西,YDX,yingdexi
广东,云浮东,YFD,yunfudong
广东,郁南,YNA,yunan
广东,源潭,YTA,yuantan
广东,珠海,ZHA,zhuhai
广东,珠海北,ZHB,zhuhaibei
广东,湛江,ZJI,zhanjiang
广东,湛江西,ZJX,zhanjiangxi
广东,樟木头,ZMT,zhangmutou
广东,肇庆东,ZQD,zhaoqingdong
广东,肇庆,ZQI,zhaoqing
广东,中山北,ZSB,zhongshanbei
广东,中山,ZSH,zhongshan
广西,八渡,BDU,badu
广西,北海,BHA,beihai
广西,百浪,BLA,bailang
广西,百里村,BLC,bailicun
广西,北流,BLI,beiliu
广西,板其,BQI,banqi
广西,百色,BSE,baise
广西,板桃,BTA,bantao
广西,宾阳,BYA,binyang
广西,程村,CCU,chengcun
广西,长岗岭,CGL,zhanggangling
广西,岑溪,CXI,cenxi
广西,崇左,CZU,chongzuo
广西,大岭,DLI,daling
广西,大拟,DNI,dani
广西,大溶江,DRJ,darongjiang
广西,德胜,DSH,desheng
广西,大王滩,DWT,dawangtan
广西,大元,DYU,dayuan
广西,防城港北,FCB,fangchenggangbei
广西,防城港,FCG,fangchenggang
广西,防城,FCH,fangcheng
广西,富川,FCH,fuchuan
广西,凤凰,FHU,fenghuang
广西,扶绥,FSU,fusui
广西,恭城,GCH,gongcheng
广西,贵港,GGA,guigang
广西,桂林北,GLB,guilinbei
广西,桂林,GLI,guilin
广西,根龙,GLO,genlong
广西,桂林西,GLX,guilinxi
广西,桂平,GPI,guiping
广西,古砦,GZH,guzhai
广西,河唇,HCH,hechun
广西,合浦,HPU,hepu
广西,黄沙河,HSH,huangshahe
广西,贺州,HZH,hezhou
广西,金城江,JCJ,jinchengjiang
广西,金鸡村,JJC,jinjicun
广西,井头墟,JTX,jingtouxu
广西,江西村,JXC,jiangxicun
广西,康熙岭,KXL,kangxiling
广西,隆安东,LAD,longandong
广西,隆安,LAN,longan
广西,老堡,LBA,laobao
广西,来宾北,LBB,laibinbei
广西,来宾,LBI,laibin
广西,龙伯屯,LBT,longbotun
广西,柳城,LCH,liucheng
广西,陆川,LCH,luchuan
广西,罗城,LCH,luocheng
广西,潞城乡,LCX,luchengxiang
广西,洛东,LDO,luodong
广西,蓝家村,LJC,lanjiacun
广西,伶俐,LLI,lingli
广西,洛满,LMA,luoman
广西,黎塘,LTA,litang
广西,濑湍,LTU,laituan
广西,鹿寨北,LZB,luzhaibei
广西,柳州,LZH,liuzhou
广西,鹿寨,LZH,luzhai
广西,柳州南,LZN,liuzhounan
广西,柳州直销,LZX,liuzhouzhixiao
广西,马皇,MHU,mahuang
广西,茅岭,MLI,maoling
广西,马路圩,MLX,maluxu
广西,庙头,MTO,miaotou
广西,宁村,NCU,ningcun
广西,南丹,NDA,nandan
广西,那何北,NHB,nahebei
广西,那罗,NLU,naluo
广西,宁明,NMI,ningming
广西,南宁东,NND,nanningdong
广西,南宁,NNI,nanning
广西,南宁西,NNX,nanningxi
广西,那铺,NPU,napu
广西,平果,PGU,pingguo
广西,平林村,PLC,pinglincun
广西,平南南,PNN,pingnannan
广西,凭祥,PXI,pingxiang
广西,渠旧,QJI,qujiu
广西,渠黎,QLI,quli
广西,钦州东,QZD,qinzhoudong
广西,钦州,QZH,qinzhou
广西,全州,QZH,quanzhou
广西,全州南,QZN,quanzhounan
广西,融安,RAN,rongan
广西,融水,RSH,rongshui
广西,容县,RXI,rongxian
广西,三江南,SJN,sanjiangnan
广西,三江县,SJX,sanjiangxian
广西,双蒙,SME,shuangmeng
广西,绍水,SSH,shaoshui
广西,泗亭,STI,siting
广西,田东北,TDB,tiandongbei
广西,田丁,TDI,tianding
广西,田东,TDO,tiandong
广西,塘库,TKU,tangku
广西,田林,TLI,tianlin
广西,亭亮,TLI,tingliang
广西,藤县,TXI,tengxian
广西,天西,TXI,tianxi
广西,田阳,TYA,tianyang
广西,太阳村,TYC,taiyangcun
广西,汪甸,WDI,wangdian
广西,文地,WDI,wendi
广西,五通,WTO,wutong
广西,吴圩,WXU,wuxu
广西,梧州,WZH,wuzhou
广西,梧州南,WZN,wuzhounan
广西,兴安北,XAB,xinganbei
广西,兴安,XAN,xingan
广西,小董,XDO,xiaodong
广西,夏石,XSH,xiashi
广西,下塘,XTA,xiatang
广西,兴业,XYE,xingye
广西,永福南,YFN,yongfunan
广西,永福,YFU,yongfu
广西,严关乡,YGX,yanguanxiang
广西,永乐,YLE,yongle
广西,玉林,YLI,yulin
广西,叶茂,YMA,yemao
广西,阳朔,YSH,yangshuo
广西,牙屯堡,YTP,yatunbao
广西,阳圩,YXU,yangxu
广西,宜州,YZH,yizhou
广西,寨隆,ZLO,zhailong
广西,钟山,ZSH,zhongshan
广西,钟山西,ZSX,zhongshanxi
海南,博鳌,BAO,boao
海南,东方,DFA,dongfang
海南,海口东,HKD,haikoudong
海南,海口,HKO,haikou
海南,陵水,LSH,lingshui
海南,美兰,MLA,meilan
海南,琼海,QHA,qionghai
海南,三亚,SYA,sanya
海南,神州,SZH,shenzhou
海南,文昌,WCH,wenchang
海南,万宁,WNI,wanning
海南,亚龙湾,YLW,yalongwan
四川,埃岱,ADA,aidai
四川,安德,ADE,ande
四川,安富镇,AFZ,anfuzhen
四川,安靖,AJI,anjing
四川,安家湾,AJW,anjiawan
四川,阿寨,AZH,azhai
四川,柏村,BCU,baicun
四川,白果,BGU,baiguo
四川,丙谷,BGU,binggu
四川,柏林,BLI,bailin
四川,木镇,BMZ,muzhen
四川,巴山,BSH,bashan
四川,白水,BSH,baishui
四川,白石岩,BSY,baishiyan
四川,步行街,BXJ,buxingjie
四川,巴中,BZH,bazhong
四川,茨坝,CBA,ciba
四川,成都东,CDD,chengdudong
四川,成都南,CDN,chengdunan
四川,成都,CDU,chengdu
四川,长河坝,CHB,zhangheba
四川,长河碥,CHB,zhanghebian
四川,陈家湾,CJW,chenjiawan
四川,长沙埂,CSG,zhangshageng
四川,朝天,CTI,chaotian
四川,德昌,DCH,dechang
四川,都江堰,DJY,dujiangyan
四川,渡口,DKO,dukou
四川,渡市,DSH,dushi
四川,大山铺,DSP,dashanpu
四川,大滩,DTA,datan
四川,代湾,DWA,daiwan
四川,德阳,DYA,deyang
四川,大英东,DYD,dayingdong
四川,大英,DYI,daying
四川,登瀛崖,DYY,dengyingya
四川,达州,DZH,dazhou
四川,峨边,EBI,ebian
四川,峨眉,EME,emei
四川,峨眉山,EMS,emeishan
四川,尔赛河,ESH,ersaihe
四川,峰高铺,FGP,fenggaopu
四川,福溪,FXI,fuxi
四川,广安,GAN,guangan
四川,广安南,GAN,guangannan
四川,关村坝,GCB,guancunba
四川,广汉,GHA,guanghan
四川,广汉北,GHB,guanghanbei
四川,共和,GHE,gonghe
四川,古家沱,GJT,gujiatuo
四川,格里坪,GLP,geliping
四川,甘洛,GLU,ganluo
四川,广顺场,GSC,guangshunchang
四川,高兴,GXI,gaoxing
四川,公兴,GXI,gongxing
四川,广元东,GYD,guangyuandong
四川,广元南,GYN,guangyuannan
四川,广元,GYU,guangyuan
四川,洪安乡,HAX,honganxiang
四川,红峰,HFE,hongfeng
四川,红光镇,HGZ,hongguangzhen
四川,红花塘,HHT,honghuatang
四川,黄家坝,HJB,huangjiaba
四川,横江,HJI,hengjiang
四川,侯家坪,HJP,houjiaping
四川,花楼坝,HLB,hualouba
四川,黄联关,HLG,huanglianguan
四川,花棚子,HPZ,huapengzi
四川,黄,HQI,huang
四川,黄水塘,HST,huangshuitang
四川,汉旺,HWA,hanwang
四川,汉王山,HWS,hanwangshan
四川,黄洋,HYA,huangyang
四川,华蓥,HYI,huaying
四川,汉源,HYU,hanyuan
四川,嘉川,JCH,jiachuan
四川,金刚沱,JGT,jingangtuo
四川,经久,JJI,jingjiu
四川,金口河,JKH,jinkouhe
四川,九里,JLI,jiuli
四川,金沙湾,JSW,jinshawan
四川,金堂,JTA,jintang
四川,简阳,JYA,jianyang
四川,旌阳,JYA,jingyang
四川,江油,JYO,jiangyou
四川,聚源,JYU,juyuan
四川,敬梓场,JZC,jingzichang
四川,开江,KJI,kaijiang
四川,孔滩,KTA,kongtan
四川,拉白,LBA,labai
四川,乐坝,LBA,leba
四川,李冰广场,LBC,libingguangchang
四川,临巴溪,LBX,linbaxi
四川,隆昌,LCH,longchang
四川,离堆公园,LDY,liduigongyuan
四川,刘沟,LGO,liugou
四川,栏杆滩,LGT,langantan
四川,凉红,LHO,lianghong
四川,联合乡,LHX,lianhexiang
四川,临江场,LJC,linjiangchang
四川,罗江东,LJD,luojiangdong
四川,罗江,LJI,luojiang
四川,临江寺,LJS,linjiangsi
四川,乐山北,LSB,leshanbei
四川,乐山,LSH,leshan
四川,李市镇,LSZ,lishizhen
四川,龙潭寺,LTS,longtansi
四川,乐武,LWU,lewu
四川,灵仙庙,LXM,lingxianmiao
四川,乐跃,LYU,leyue
四川,拉鲊,LZH,lazha
四川,礼州,LZH,lizhou
四川,毛坝,MBA,maoba
四川,墨池坝,MCB,mochiba
四川,马村,MCU,macun
四川,密地,MDI,midi
四川,木瓜坪,MGP,muguaping
四川,马角坝,MJB,majiaoba
四川,马街,MJI,majie
四川,麻栗,MLI,mali
四川,冕宁,MNI,mianning
四川,眉山东,MSD,meishandong
四川,眉山,MSH,meishan
四川,冕山,MSH,mianshan
四川,漫水湾,MSW,manshuiwan
四川,绵阳,MYA,mianyang
四川,米易,MYI,miyi
四川,庙子沟,MZG,miaozigou
四川,南岸坝,NAB,nananba
四川,尼波,NBO,nibo
四川,南充东,NCD,nanchongdong
四川,南充,NCH,nanchong
四川,南尔岗,NEG,nanergang
四川,内江,NJI,neijiang
四川,内江南,NJN,neijiangnan
四川,牛坪子,NPZ,niupingzi
四川,尼日,NRI,niri
四川,蓬安,PAN,pengan
四川,蒲坝,PBA,puba
四川,平等,PDE,pingdeng
四川,蒲家,PJI,pujia
四川,普济,PJI,puji
四川,彭山北,PSB,pengshanbei
四川,彭山,PSH,pengshan
四川,郫县东,PXD,pixiandong
四川,蓬溪,PXI,pengxi
四川,普兴,PXI,puxing
四川,普雄,PXI,puxiong
四川,郫县,PXI,pixian
四川,郫县西,PXX,pixianxi
四川,攀枝花,PZH,panzhihua
四川,彭州,PZH,pengzhou
四川,彭州南,PZN,pengzhounan
四川,青白江东,QBD,qingbaijiangdong
四川,青城山,QCS,qingchengshan
四川,青杠,QGA,qinggang
四川,青花,QHU,qinghua
四川,覃家坝,QJB,tanjiaba
四川,青龙场,QLC,qinglongchang
四川,青莲,QLI,qinglian
四川,青神,QSH,qingshen
四川,渠县,QXI,quxian
四川,冉家河,RJH,ranjiahe
四川,沙坝,SBA,shaba
四川,石板滩,SBT,shibantan
四川,石场,SCH,shichang
四川,三道堰,SDY,sandaoyan
四川,三堆子,SDZ,sanduizi
四川,双福,SFU,shuangfu
四川,双凤驿,SFY,shuangfengyi
四川,上格达,SGD,shanggeda
四川,三汇坝,SHB,sanhuiba
四川,顺河场,SHC,shunhechang
四川,三汇镇,SHZ,sanhuizhen
四川,赛金桥,SJQ,saijinqiao
四川,双流机场,SLC,shuangliujichang
四川,双流,SLI,shuangliu
四川,双龙,SLO,shuanglong
四川,双流西,SLX,shuangliuxi
四川,沙马拉达,SMD,shamalada
四川,思,SME,si
四川,遂宁,SNI,suining
四川,遂宁南,SNN,suiningnan
四川,上普雄,SPX,shangpuxiong
四川,石桥镇,SQZ,shiqiaozhen
四川,双石桥,SSQ,shuangshiqiao
四川,沙湾,SWA,shawan
四川,尚武,SWU,shangwu
四川,苏雄,SXI,suxiong
四川,石柱槽,SZC,shizhucao
四川,师庄,SZH,shizhuang
四川,太和,THE,taihe
四川,铁口,TKO,tiekou
四川,铁西,TXI,tiexi
四川,土溪,TXI,tuxi
四川,桐子林,TZL,tongzilin
四川,旺苍,WCA,wangcang
四川,王场,WCH,wangchang
四川,吴场,WCH,wuchang
四川,五凤溪,WFX,wufengxi
四川,弯,WQI,wan
四川,万盛,WSH,wansheng
四川,万源,WYU,wanyuan
四川,瓦祖,WZU,wazu
四川,西昌北,XCB,xichangbei
四川,西昌,XCH,xichang
四川,巡场,XCH,xunchang
四川,西昌南,XCN,xichangnan
四川,新都东,XDD,xindudong
四川,喜德,XDE,xide
四川,小高,XGA,xiaogao
四川,宣汉,XHA,xuanhan
四川,新江,XJI,xinjiang
四川,新津,XJI,xinjin
四川,新津南,XJN,xinjinnan
四川,下两,XLI,xialiang
四川,新凉,XLI,xinliang
四川,新民场,XMC,xinminchang
四川,犀浦东,XPD,xipudong
四川,犀浦,XPU,xipu
四川,下普雄,XPX,xiapuxiong
四川,新铁村,XTC,xintiecun
四川,元坝,YBA,yuanba
四川,宜宾,YBI,yibin
四川,迎宾路,YBL,yingbinlu
四川,宜宾南,YBN,yibinnan
四川,一步滩,YBT,yibutan
四川,俞冲,YCH,yuchong
四川,岳池,YCH,yuechi
四川,鱼洞,YDO,yudong
四川,燕岗,YGA,yangang
四川,月华,YHU,yuehua
四川,垭口,YKO,yakou
四川,永郎,YLA,yonglang
四川,养马河,YMH,yangmahe
四川,营山,YSH,yingshan
四川,油溪,YXI,youxi
四川,越西,YXI,yuexi
四川,迎祥街,YXJ,yingxiangjie
四川,杨漩,YXU,yangxuan
四川,迤资,YZI,yizi
四川,自贡,ZGO,zigong
四川,昭化,ZHU,zhaohua
四川,梓潼,ZTO,zitong
四川,轸溪,ZXI,zhenxi
四川,资阳,ZYA,ziyang
四川,竹园坝,ZYB,zhuyuanba
四川,资中,ZZH,zizhong
四川,枣子林,ZZL,zaozilin
贵州,安龙,ALO,anlong
贵州,安顺,ASH,anshun
贵州,柏果,BGU,baiguo
贵州,白鸡坡,BJP,baijipo
贵州,宝老山,BLS,baolaoshan
贵州,白水河,BSH,baishuihe
贵州,百宜,BYI,baiyi
贵州,茨冲,CCH,cichong
贵州,草海,CHA,caohai
贵州,册亨,CHE,ceheng
贵州,岔江,CJI,chajiang
贵州,从江,CJI,congjiang
贵州,曹家湾,CJW,caojiawan
贵州,都格,DGE,duge
贵州,大河坝,DHB,daheba
贵州,打括,DKU,dakuo
贵州,独山,DSH,dushan
贵州,大湾,DWA,dawan
贵州,打羊,DYA,dayang
贵州,都匀东,DYD,duyundong
贵州,都匀,DYU,duyun
贵州,大宗坪,DZP,dazongping
贵州,二道岩,EDY,erdaoyan
贵州,峰洞,FDO,fengdong
贵州,发耳,FER,faer
贵州,福泉,FQU,fuquan
贵州,贵定北,GDB,guidingbei
贵州,贵定,GDI,guiding
贵州,贵定南,GDN,guidingnan
贵州,贵定县,GDX,guidingxian
贵州,高峰,GFE,gaofeng
贵州,革居,GJU,geju
贵州,高炉子,GLZ,gaoluzi
贵州,高坪铺,GPP,gaopingpu
贵州,贵阳,GYA,guiyang
贵州,贵阳北,GYB,guiyangbei
贵州,贵阳东,GYD,guiyangdong
贵州,贵阳西,GYX,guiyangxi
贵州,关寨,GZH,guanzhai
贵州,湖潮,HCH,huchao
贵州,化处,HCH,huachu
贵州,红果,HGU,hongguo
贵州,红花园,HHY,honghuayuan
贵州,花家庄,HJZ,huajiazhuang
贵州,黄平,HPI,huangping
贵州,黄丝,HSI,huangsi
贵州,汇塘河,HTH,huitanghe
贵州,黄桶,HTO,huangtong
贵州,花土坡,HTP,huatupo
贵州,河阳,HYA,heyang
贵州,鸡场坡,JCP,jichangpo
贵州,加劳,JLA,jialao
贵州,九龙塘,JLT,jiulongtang
贵州,蕉溪,JXI,jiaoxi
贵州,金钟,JZH,jinzhong
贵州,凯里,KLI,kaili
贵州,凯里南,KLN,kailinan
贵州,开阳,KYA,kaiyang
贵州,滥坝,LBA,lanba
贵州,龙洞堡,LDB,longdongbao
贵州,鲁番,LFA,lufan
贵州,凉风垭,LFY,liangfengya
贵州,老锅厂,LGC,laoguochang
贵州,六个鸡,LGJ,liugeji
贵州,龙广,LGU,longguang
贵州,李家湾,LJW,lijiawan
贵州,龙里北,LLB,longlibei
贵州,龙里,LLI,longli
贵州,六盘水南,LPN,liupanshuinan
贵州,六盘水,LPS,liupanshui
贵州,娄山关,LSG,loushanguan
贵州,凉水井,LSJ,liangshuijing
贵州,两所屯,LST,liangsuotun
贵州,老王洞,LWD,laowangdong
贵州,洛湾三江,LWJ,luowansanjiang
贵州,李子沟,LZG,lizigou
贵州,六枝,LZH,liuzhi
贵州,马场,MCH,machang
贵州,墨冲,MCH,mochong
贵州,茅草坪,MCP,maocaoping
贵州,蒙渡,MDU,mengdu
贵州,马嘎,MGA,maga
贵州,梅花山,MHS,meihuashan
贵州,麻江,MJI,majiang
贵州,麻尾,MWE,mawei
贵州,木竹河,MZH,muzhuhe
贵州,南江,NJI,nanjiang
贵州,那玉,NYU,nayu
贵州,平坝,PBA,pingba
贵州,品甸,PDI,pindian
贵州,普定,PDI,puding
贵州,盘关,PGU,panguan
贵州,平关,PGU,pingguan
贵州,平田,PTI,pingtian
贵州,葡萄菁,PTQ,putaojing
贵州,清水沟,QSG,qingshuigou
贵州,清水河西,QSX,qingshuihexi
贵州,青溪,QXI,qingxi
贵州,榕江,RJI,rongjiang
贵州,松坝,SBA,songba
贵州,施秉,SBI,shibing
贵州,石板哨,SBS,shibanshao
贵州,水城,SCH,shuicheng
贵州,沙厂坪,SCP,shachangping
贵州,三都县,SDX,sanduxian
贵州,松河,SHE,songhe
贵州,水花,SHU,shuihua
贵州,三家寨,SJZ,sanjiazhai
贵州,松坎,SKA,songkan
贵州,双水,SSH,shuangshui
贵州,三穗,SSU,sansui
贵州,松桃,STA,songtao
贵州,沙沱,STU,shatuo
贵州,上西铺,SXP,shangxipu
贵州,三元坝,SYB,sanyuanba
贵州,石丫口,SYK,shiyakou
贵州,太白,TBA,taibai
贵州,天龙,TLO,tianlong
贵州,桐木寨,TMZ,tongmuzhai
贵州,铜仁,TRE,tongren
贵州,铜仁南,TRN,tongrennan
贵州,桐梓,TZI,tongzi
贵州,威箐,WJI,weiqing
贵州,威舍,WSH,weishe
贵州,瓦窑田,WYT,wayaotian
贵州,新场,XCH,xinchang
贵州,息烽,XFE,xifeng
贵州,星朗,XLA,xinglang
贵州,新平坝,XPB,xinpingba
贵州,新坪田,XPT,xinpingtian
贵州,相思河,XSH,xiangsihe
贵州,小雨谷,XYG,xiaoyugu
贵州,兴义,XYI,xingyi
贵州,学庄,XZH,xuezhuang
贵州,雨格,YGE,yuge
贵州,营街,YJI,yingjie
贵州,月亮田,YLT,yueliangtian
贵州,迤那,YNA,yina
贵州,羊坪,YPI,yangping
贵州,玉屏,YPI,yuping
贵州,么铺,YPU,mepu
贵州,玉舍,YSH,yushe
贵州,元田坝,YTB,yuantianba
贵州,朱嘎,ZGA,zhuga
贵州,织金,ZJI,zhijin
贵州,朱石寨,ZSZ,zhushizhai
贵州,郑屯,ZTU,zhengtun
贵州,遵义,ZYI,zunyi
贵州,镇远,ZYU,zhenyuan
云南,阿南庄,ANZ,ananzhuang
云南,碧鸡关,BJG,bijiguan
云南,班猫箐,BMQ,banmaoqing
云南,白沙坡,BSP,baishapo
云南,白水镇,BSZ,baishuizhen
云南,白塔村,BTC,baitacun
云南,草坝,CBA,caoba
云南,长冲,CCH,zhangchong
云南,呈贡,CGO,chenggong
云南,岔河,CHE,chahe
云南,赤木岭,CML,chimuling
云南,苍坪,CPI,cangping
云南,长坡岭,CPL,zhangpoling
云南,楚雄,CXI,chuxiong
云南,车转湾,CZW,chezhuanwan
云南,大德,DDE,dade
云南,大关,DGU,daguan
云南,甸苴坝,DJB,dianjuba
云南,大苴,DJU,daju
云南,邓家湾,DJW,dengjiawan
云南,大旧庄,DJZ,dajiuzhuang
云南,大理北,DLB,dalibei
云南,大理东,DLD,dalidong
云南,大理,DLI,dali
云南,豆沙关,DSG,doushaguan
云南,读书铺,DSP,dushupu
云南,大田边,DTB,datianbian
云南,甸尾,DWE,dianwei
云南,大湾子,DWZ,dawanzi
云南,甸心,DXI,dianxin
云南,二道桥,EDQ,erdaoqiao
云南,凤凰山,FHS,fenghuangshan
云南,凤仪村,FYC,fengyicun
云南,富源,FYU,fuyuan
云南,高楼房,GLF,gaoloufang
云南,广南卫,GNW,guangnanwei
云南,广通北,GTB,guangtongbei
云南,广通,GTO,guangtong
云南,广卫村,GWC,guangweicun
云南,格以头,GYT,geyitou
云南,黄瓜园,HGY,huangguayuan
云南,黑井,HJI,heijing
云南,红江,HJI,hongjiang
云南,河口北,HKB,hekoubei
云南,鹤庆,HQI,heqing
云南,黑土凹,HTA,heituao
云南,鸡街,JJI,jijie
云南,金马村,JMC,jinmacun
云南,建水北,JSB,jianshuibei
云南,建水,JSH,jianshui
云南,江所田,JST,jiangsuotian
云南,昆明北,KMB,kunmingbei
云南,昆明,KMI,kunming
云南,昆明西,KMX,kunmingxi
云南,昆阳,KYA,kunyang
云南,禄丰,LFE,lufeng
云南,禄丰南,LFN,lufengnan
云南,龙骨甸,LGD,longgudian
云南,芦沟,LGO,lugou
云南,李浩寨,LHZ,lihaozhai
云南,丽江,LJI,lijiang
云南,临江溪,LJX,linjiangxi
云南,陆良,LLI,luliang
云南,罗平,LPI,luoping
云南,乐善村,LSC,leshancun
云南,龙塘坝,LTB,longtangba
云南,弥渡,MDU,midu
云南,马房,MFA,mafang
云南,木戛,MGA,mujia
云南,马龙,MLO,malong
云南,密马龙,MML,mimalong
云南,沐滂,MPA,mupang
云南,茂舍祖,MSZ,maoshezu
云南,牧羊村,MYC,muyangcun
云南,蒙自北,MZB,mengzibei
云南,蒙自,MZI,mengzi
云南,南华,NHU,nanhua
云南,牛街庄,NJZ,niujiezhuang
云南,屏边,PBI,pingbian
云南,普洱渡,PED,puerdu
云南,平河口,PHK,pinghekou
云南,跑马山,PMS,paomashan
云南,浸长村,QCC,jinzhangcun
云南,七甸,QDI,qidian
云南,勤丰营,QFY,qinfengying
云南,曲江,QJI,qujiang
云南,曲靖,QJI,qujing
云南,青龙寺,QLS,qinglongsi
云南,秋木园,QMY,qiumuyuan
云南,桥头村,QTC,qiaotoucun
云南,水富,SFU,shuifu
云南,上关,SGU,shangguan
云南,柿花树,SHS,shihuashu
云南,施家嘴,SJZ,shijiazui
云南,石林,SLI,shilin
云南,石林南,SLN,shilinnan
云南,双湄村,SMC,shuangmeicun
云南,沙桥,SQI,shaqiao
云南,沙沙坡,SSP,shashapo
云南,师宗,SZO,shizong
云南,唐房村,TFC,tangfangcun
云南,铜鼓溪,TGX,tongguxi
云南,棠海,THA,tanghai
云南,通海,THA,tonghai
云南,田梁子,TLZ,tianliangzi
云南,塔石嘴,TSZ,tashizui
云南,滩头,TTO,tantou
云南,吴官田,WGT,wuguantian
云南,王家营西,WJX,wangjiayingxi
云南,王家营,WJY,wangjiaying
云南,温泉,WQU,wenquan
云南,挖色,WSE,wase
云南,新安,XAN,xinan
云南,小村,XCU,xiaocun
云南,小得江,XDJ,xiaodejiang
云南,小儿坪,XEP,xiaoerping
云南,小关溪,XGX,xiaoguanxi
云南,小海口,XHK,xiaohaikou
云南,向隍,XHU,xianghuang
云南,西街口,XJK,xijiekou
云南,小路溪,XLX,xiaoluxi
云南,喜鹊乐,XQL,xiquele
云南,仙水,XSH,xianshui
云南,小哨,XSH,xiaoshao
云南,宣威,XWE,xuanwei
云南,小喜村,XXC,xiaoxicun
云南,小新街,XXJ,xiaoxinjie
云南,小月旧,XYJ,xiaoyuejiu
云南,祥云,XYU,xiangyun
云南,姚安,YAN,yaoan
云南,渔坝村,YBC,yubacun
云南,秧草地,YCD,yangcaodi
云南,尹地,YDI,yindi
云南,永丰营,YFY,yongfengying
云南,盐津北,YJB,yanjinbei
云南,羊臼河,YJH,yangjiuhe
云南,盐津,YJI,yanjin
云南,宜良北,YLB,yiliangbei
云南,杨林,YLI,yanglin
云南,彝良,YLI,yiliang
云南,彝良南,YLN,yiliangnan
云南,元谋,YMO,yuanmou
云南,宜耐,YNA,yinai
云南,一平浪,YPL,yipinglang
云南,羊堡,YPU,yangbao
云南,羊尾哨,YWS,yangweishao
云南,玉溪,YXI,yuxi
云南,玉溪南,YXN,yuxinan
云南,燕子洞,YZD,yanzidong
云南,羊者窝,YZW,yangzhewo
云南,照福铺,ZFP,zhaofupu
云南,曾家坪子,ZJZ,cengjiapingzi
云南,泽润里,ZRL,zerunli
云南,中滩,ZTA,zhongtan
云南,昭通北,ZTB,zhaotongbei
云南,昭通南,ZTN,zhaotongnan
云南,昭通,ZTO,zhaotong
云南,中谊村,ZYC,zhongyicun
云南,沾益,ZYI,zhanyi
云南,中寨,ZZH,zhongzhai
西藏,安多,ADU,anduo
西藏,当雄,DXI,dangxiong
西藏,拉萨,LSA,lasa
西藏,尼木,NMU,nimu
西藏,那曲,NQU,naqu
西藏,曲水县,QSX,qushuixian
西藏,仁布,RBU,renbu
西藏,日喀则,RKZ,rikaze
西藏,协荣,XRO,xierong
陕西,安康,AKA,ankang
陕西,白河东,BHD,baihedong
陕西,白河县,BHX,baihexian
陕西,宝鸡,BJI,baoji
陕西,宝鸡南,BJN,baojinan
陕西,灞桥,BQI,baqiao
陕西,白水江,BSJ,baishuijiang
陕西,彬县,BXI,binxian
陕西,城固,CGU,chenggu
陕西,池河,CHE,chihe
陕西,曹家伙场,CJC,caojiahuochang
陕西,蔡家坡,CJP,caijiapo
陕西,长武,CWU,zhangwu
陕西,茶镇,CZH,chazhen
陕西,大保当,DBD,dabaodang
陕西,定边,DBI,dingbian
陕西,丹凤,DFE,danfeng
陕西,大荔北,DLB,dalibei
陕西,大荔,DLI,dali
陕西,道镇,DZH,daozhen
陕西,杜赵,DZH,duzhao
陕西,大竹园,DZY,dazhuyuan
陕西,洞子崖,DZY,dongziya
陕西,府谷,FGU,fugu
陕西,冯家山,FJS,fengjiashan
陕西,福临堡,FLP,fulinbao
陕西,富县东,FXD,fuxiandong
陕西,凤县,FXI,fengxian
陕西,凤翔,FXI,fengxiang
陕西,富县,FXI,fuxian
陕西,凤州,FZH,fengzhou
陕西,高梁铺,GLP,gaoliangpu
陕西,甘泉北,GQB,ganquanbei
陕西,甘泉,GQU,ganquan
陕西,孤山川,GSC,gushanchuan
陕西,高滩,GTA,gaotan
陕西,高潭子,GTZ,gaotanzi
陕西,虢镇,GZH,guozhen
陕西,韩城,HCH,hancheng
陕西,红花铺,HHP,honghuapu
陕西,黄陵,HLI,huangling
陕西,华山北,HSB,huashanbei
陕西,华山,HSH,huashan
陕西,火烧寨,HSZ,huoshaozhai
陕西,红卫坝,HWB,hongweiba
陕西,横现河,HXH,hengxianhe
陕西,合阳,HYA,heyang
陕西,黄羊城,HYC,huangyangcheng
陕西,汉阴,HYI,hanyin
陕西,汉中,HZH,hanzhong
陕西,何寨,HZH,hezhai
陕西,靖边,JBI,jingbian
陕西,涧池铺,JCP,jianchipu
陕西,锦界,JJI,jinjie
陕西,巨亭,JTI,juting
陕西,洛川东,LCD,luochuandong
陕西,吕河,LHE,lvhe
陕西,刘家沟,LJG,liujiagou
陕西,李家河,LJH,lijiahe
陕西,零口,LKO,lingkou
陕西,礼泉,LQU,liquan
陕西,乐素河,LSH,lesuhe
陕西,临潼东,LTD,lintongdong
陕西,临潼,LTO,lintong
陕西,陇县,LXI,longxian
陕西,略阳,LYA,lueyang
陕西,毛坝关,MBG,maobaguan
陕西,麻柳,MLI,maliu
陕西,茂陵,MLI,maoling
陕西,马蹄湾,MTW,matiwan
陕西,勉西,MXI,mianxi
陕西,勉县,MXI,mianxian
陕西,米脂,MZH,mizhi
陕西,梅子铺,MZP,meizipu
陕西,牛家梁,NJL,niujialiang
陕西,娘娘庙,NNM,niangniangmiao
陕西,蒲城东,PCD,puchengdong
陕西,蒲城,PCH,pucheng
陕西,坡底村,PDC,podicun
陕西,蟠龙镇,PLZ,panlongzhen
陕西,千河,QHE,qianhe
陕西,清涧县,QJX,qingjianxian
陕西,秦岭,QLI,qinling
陕西,岐山,QSH,qishan
陕西,乾县,QXI,qianxian
陕西,千阳,QYA,qianyang
陕西,绥德,SDE,suide
陕西,水沟,SGO,shuigou
陕西,蜀河,SHE,shuhe
陕西,三花石,SHS,sanhuashi
陕西,史家铺,SJP,shijiapu
陕西,苏家坡,SJP,sujiapo
陕西,商洛,SLU,shangluo
陕西,神木北,SMB,shenmubei
陕西,石庙沟,SMG,shimiaogou
陕西,神木,SMU,shenmu
陕西,神木西,SMX,shenmuxi
陕西,商南,SNA,shangnan
陕西,石泉县,SQX,shiquanxian
陕西,三原,SYU,sanyuan
陕西,孙镇,SZH,sunzhen
陕西,生芝渠,SZQ,shengzhiqu
陕西,潼关,TGU,tongguan
陕西,田庄镇,TZZ,tianzhuangzhen
陕西,武功,WGO,wugong
陕西,魏家楼,WJL,weijialou
陕西,湾李所,WLS,wanlisuo
陕西,渭南,WNA,weinan
陕西,渭南北,WNB,weinanbei
陕西,渭南南,WNN,weinannan
陕西,吴堡,WPU,wubao
陕西,瓦窑堡,WYP,wayaobao
陕西,韦庄,WZH,weizhuang
陕西,西安北,XAB,xianbei
陕西,西安东,XAD,xiandong
陕西,西安,XAN,xian
陕西,西安南,XAN,xiannan
陕西,新城川,XCC,xinchengchuan
陕西,新丰镇,XFZ,xinfengzhen
陕西,西沟,XGO,xigou
陕西,小河镇,XHZ,xiaohezhen
陕西,徐家坪,XJP,xujiaping
陕西,兴平,XPI,xingping
陕西,西社,XSH,xishe
陕西,西乡,XXI,xixiang
陕西,咸阳,XYA,xianyang
陕西,旬阳,XYA,xunyang
陕西,旬阳北,XYB,xunyangbei
陕西,咸阳秦都,XYD,xianyangqindou
陕西,向阳镇,XYZ,xiangyangzhen
陕西,延安,YAN,yanan
陕西,砚川,YCH,yanchuan
陕西,窑村,YCU,yaocun
陕西,义合镇,YHZ,yihezhen
陕西,晏家坝,YJB,yanjiaba
陕西,永乐店,YLD,yongledian
陕西,阎良,YLI,yanliang
陕西,杨陵,YLI,yangling
陕西,榆林,YLI,yulin
陕西,杨陵南,YLN,yanglingnan
陕西,阳平关,YPG,yangpingguan
陕西,永寿,YSH,yongshou
陕西,洋县,YXI,yangxian
陕西,燕子砭,YZB,yanzibian
陕西,营镇,YZH,yingzhen
陕西,镇安,ZAN,zhenan
陕西,子长,ZCH,zizhang
陕西,张家船,ZJC,zhangjiachuan
陕西,钟家村,ZJC,zhongjiacun
陕西,张桥,ZQI,zhangqiao
陕西,柞水,ZSH,zhashui
陕西,缯溪河,ZXH,zengxihe
陕西,棕溪,ZXI,zongxi
陕西,早阳,ZYA,zaoyang
陕西,紫阳,ZYA,ziyang
陕西,子洲,ZZH,zizhou
甘肃,安北,ABE,anbei
甘肃,安口窑,AKY,ankouyao
甘肃,白银市,BYS,baiyinshi
甘肃,白银西,BYX,baiyinxi
甘肃,长城,CCH,zhangcheng
甘肃,陈官营,CGY,chenguanying
甘肃,陈家湾西,CJX,chenjiawanxi
甘肃,长庆桥,CQQ,zhangqingqiao
甘肃,崇信,CXI,chongxin
甘肃,长征,CZH,zhangzheng
甘肃,打柴沟,DCG,dachaigou
甘肃,敦煌,DHU,dunhuang
甘肃,东湾,DWA,dongwan
甘肃,大武口,DWK,dawukou
甘肃,低窝铺,DWP,diwopu
甘肃,定西,DXI,dingxi
甘肃,福利区,FLQ,fuliqu
甘肃,丰水村,FSC,fengshuicun
甘肃,甘草店,GCD,gancaodian
甘肃,甘谷,GGU,gangu
甘肃,皋兰,GLA,gaolan
甘肃,古浪,GLA,gulang
甘肃,高台,GTA,gaotai
甘肃,高台南,GTN,gaotainan
甘肃,瓜州,GZH,guazhou
甘肃,黑冲滩,HCT,heichongtan
甘肃,贺家店,HJD,hejiadian
甘肃,河口南,HKN,hekounan
甘肃,红柳河,HLH,hongliuhe
甘肃,宏庆,HQI,hongqing
甘肃,红砂岘,HSX,hongshaxian
甘肃,徽县,HXI,huixian
甘肃,红岘台,HXT,hongxiantai
甘肃,黄羊头,HYT,huangyangtou
甘肃,黄羊镇,HYZ,huangyangzhen
甘肃,金昌,JCH,jinchang
甘肃,泾川,JCH,jingchuan
甘肃,芨岭,JLI,jiling
甘肃,军马场,JMC,junmachang
甘肃,酒泉南,JQN,jiuquannan
甘肃,酒泉,JQU,jiuquan
甘肃,景泰,JTA,jingtai
甘肃,镜铁山,JTS,jingtieshan
甘肃,嘉峪关,JYG,jiayuguan
甘肃,嘉峪关南,JYN,jiayuguannan
甘肃,靖远,JYU,jingyuan
甘肃,靖远西,JYX,jingyuanxi
甘肃,两当,LDA,liangdang
甘肃,柳沟南,LGN,liugounan
甘肃,柳沟,LGO,liugou
甘肃,龙沟,LGO,longgou
甘肃,绿化,LHU,luhua
甘肃,李家坪,LJP,lijiaping
甘肃,洛门,LME,luomen
甘肃,龙泉寺,LQS,longquansi
甘肃,骆驼巷,LTX,luotuoxiang
甘肃,狼尾山,LWS,langweishan
甘肃,陇西,LXI,longxi
甘肃,柳园南,LYN,liuyuannan
甘肃,柳园,LYU,liuyuan
甘肃,兰州东,LZD,lanzhoudong
甘肃,临泽,LZE,linze
甘肃,兰州,LZH,lanzhou
甘肃,临泽南,LZN,linzenan
甘肃,兰州新区,LZQ,lanzhouxinqu
甘肃,兰州西,LZX,lanzhouxi
甘肃,民乐,MLE,minle
甘肃,庙庄,MZH,miaozhuang
甘肃,南河川,NHC,nanhechuan
甘肃,磐安镇,PAZ,pananzhen
甘肃,坡底下,PDX,podixia
甘肃,平凉,PLI,pingliang
甘肃,平凉南,PLN,pingliangnan
甘肃,平原堡,PYP,pingyuanbao
甘肃,清泉南,QQN,qingquannan
甘肃,清水北,QSB,qingshuibei
甘肃,清水,QSH,qingshui
甘肃,桥湾,QWA,qiaowan
甘肃,桥西,QXI,qiaoxi
甘肃,庆阳山,QYS,qingyangshan
甘肃,山丹,SDA,shandan
甘肃,邵家堂,SJT,shaojiatang
甘肃,疏勒河,SLH,shulehe
甘肃,石峡子,SXZ,shixiazi
甘肃,三阳川,SYC,sanyangchuan
甘肃,上腰墩,SYD,shangyaodun
甘肃,神峪河,SYH,shenyuhe
甘肃,水源,SYU,shuiyuan
甘肃,桑园子,SYZ,sangyuanzi
甘肃,通安驿,TAY,tonganyi
甘肃,谭家井,TJJ,tanjiajing
甘肃,土门子,TMZ,tumenzi
甘肃,天水,TSH,tianshui
甘肃,天祝,TZH,tianzhu
甘肃,吴家川,WJC,wujiachuan
甘肃,王家湾,WJW,wangjiawan
甘肃,渭南镇,WNZ,weinanzhen
甘肃,武山,WSH,wushan
甘肃,武威,WWE,wuwei
甘肃,武威南,WWN,wuweinan
甘肃,西固城,XGC,xigucheng
甘肃,西固,XGU,xigu
甘肃,夏官营,XGY,xiaguanying
甘肃,许家台,XJT,xujiatai
甘肃,新李,XLI,xinli
甘肃,小泉东,XQD,xiaoquandong
甘肃,兴泉堡,XQP,xingquanbao
甘肃,许三湾,XSW,xusanwan
甘肃,新阳镇,XYZ,xinyangzhen
甘肃,永登,YDE,yongdeng
甘肃,园墩,YDU,yuandun
甘肃,岳家井,YJJ,yuejiajing
甘肃,元龙,YLO,yuanlong
甘肃,玉门东,YMD,yumendong
甘肃,玉门,YME,yumen
甘肃,营盘水,YPS,yingpanshui
甘肃,玉石,YSH,yushi
甘肃,云田乡,YTX,yuntianxiang
甘肃,鸳鸯镇,YYZ,yuanyangzhen
甘肃,中川机场,ZCC,zhongchuanjichang
甘肃,朱家窑,ZJY,zhujiayao
甘肃,张掖,ZYE,zhangye
甘肃,张掖西,ZYX,zhangyexi
青海,八盘峡,BPX,bapanxia
青海,察尔汗,CEH,chaerhan
青海,德令哈,DLH,delingha
青海,大通西,DTX,datongxi
青海,刚察,GCH,gangcha
青海,格尔木,GEM,geermu
青海,海东西,HDX,haidongxi
青海,哈尔盖,HEG,haergai
青海,海石湾,HSW,haishiwan
青海,海晏,HYA,haiyan
青海,湟源,HYU,huangyuan
青海,花庄,HZH,huazhuang
青海,柯柯,KKE,keke
青海,乐都南,LDN,ledounan
青海,乐都,LDU,ledu
青海,民和南,MHN,minhenan
青海,门源,MYU,menyuan
青海,平安驿,PAY,pinganyi
青海,水车湾,SCW,shuichewan
青海,天峻,TJU,tianjun
青海,沱沱河,TTH,tuotuohe
青海,乌兰,WLA,wulan
青海,西宁,XNI,xining
青海,西宁西,XNX,xiningxi
青海,锡铁山,XTS,xitieshan
青海,饮马峡,YMX,yinmaxia
青海,张家祠,ZJC,zhangjiaci
宁夏,艾家村,AJC,aijiacun
宁夏,白芨沟,BJG,baijigou
宁夏,长农,CNO,zhangnong
宁夏,大坝,DBA,daba
宁夏,大磴沟,DDG,dadenggou
宁夏,大战场,DZC,dazhanchang
宁夏,二营,EYI,erying
宁夏,干塘,GTA,gantang
宁夏,固原,GYU,guyuan
宁夏,韩府湾,HFW,hanfuwan
宁夏,呼鲁斯太,HLT,hulusitai
宁夏,惠农,HNO,huinong
宁夏,红寺堡,HSP,hongsibao
宁夏,黄羊滩,HYT,huangyangtan
宁夏,黄羊湾,HYW,huangyangwan
宁夏,柳家庄,LJZ,liujiazhuang
宁夏,六盘山,LPS,liupanshan
宁夏,李旺,LWA,liwang
宁夏,灵武,LWU,lingwu
宁夏,暖泉,NQU,nuanquan
宁夏,平罗,PLU,pingluo
宁夏,彭阳,PYA,pengyang
宁夏,青铜峡,QTX,qingtongxia
宁夏,七营,QYI,qiying
宁夏,汝箕沟,RJG,rujigou
宁夏,石坝,SBA,shiba
宁夏,三关口,SGK,sanguankou
宁夏,沈家河,SJH,shenjiahe
宁夏,沙坡头,SPT,shapotou
宁夏,三营,SYI,sanying
宁夏,石嘴山,SZS,shizuishan
宁夏,土桥子,TQZ,tuqiaozi
宁夏,同心,TXI,tongxin
宁夏,太阳山,TYS,taiyangshan
宁夏,王团庄,WTZ,wangtuanzhuang
宁夏,西大滩,XDT,xidatan
宁夏,宣和,XHE,xuanhe
宁夏,盐池,YCH,yanchi
宁夏,银川,YCH,yinchuan
宁夏,银川南,YCN,yinchuannan
宁夏,迎水桥,YSQ,yingshuiqiao
宁夏,褚家湾,ZJW,chujiawan
宁夏,中宁东,ZND,zhongningdong
宁夏,中宁,ZNI,zhongning
宁夏,中宁南,ZNN,zhongningnan
宁夏,中卫,ZWE,zhongwei
新疆,阿克苏,AKS,akesu
新疆,阿克陶,AKT,aketao
新疆,阿拉山口,ALK,alashankou
新疆,阿图什,ATS,atushen
新疆,巴楚,BCH,bachu
新疆,包尔海,BEH,baoerhai
新疆,博乐,BLE,bole
新疆,布列开,BLK,buliekai
新疆,北屯市,BTS,beitunshi
新疆,柴窝堡,CWP,chaiwobao
新疆,达板城,DBC,dabancheng
新疆,二堡,EPU,erbao
新疆,福海,FHA,fuhai
新疆,霍尔果斯,HES,huoerguosi
新疆,红光,HGU,hongguang
新疆,和静,HJI,hejing
新疆,哈密东,HMD,hamidong
新疆,哈密,HMI,hami
新疆,哈密南,HMN,haminan
新疆,红旗村,HQC,hongqicun
新疆,和什托洛盖,HSG,heshentuoluogai
新疆,和硕,HSH,heshuo
新疆,火石泉,HSQ,huoshiquan
新疆,和田,HTI,hetian
新疆,精河,JHE,jinghe
新疆,精河南,JHN,jinghenan
新疆,金银川,JYC,jinyinchuan
新疆,库车,KCH,kuche
新疆,库尔勒,KEL,kuerle
新疆,克拉玛依,KLY,kelamayi
新疆,柯坪,KPI,keping
新疆,喀什,KSH,kashen
新疆,奎屯,KTU,kuitun
新疆,了墩,LDU,ledun
新疆,柳树泉,LSQ,liushuquan
新疆,轮台,LTA,luntai
新疆,马兰,MLA,malan
新疆,玛纳斯湖,MNH,manasihu
新疆,玛纳斯,MNS,manasi
新疆,煤窑沟,MYG,meiyaogou
新疆,墨玉,MYU,moyu
新疆,尼勒克,NLK,nileke
新疆,皮山,PSH,pishan
新疆,七泉湖,QQH,qiquanhu
新疆,莎车,SCH,shache
新疆,三葛庄,SGZ,sangezhuang
新疆,石河子,SHZ,shihezi
新疆,山口,SKO,shankou
新疆,疏勒,SLE,shule
新疆,鄯善北,SSB,shanshanbei
新疆,十三间房,SSF,shisanjianfang
新疆,鄯善,SSH,shanshan
新疆,思甜,STI,sitian
新疆,沙湾县,SWX,shawanxian
新疆,吐哈,THA,tuha
新疆,吐鲁番北,TLB,tulufanbei
新疆,吐鲁番,TLF,tulufan
新疆,乌拉泊,WLB,wulabo
新疆,乌鲁木齐南,WLN,wulumuqinan
新疆,乌鲁木齐,WLQ,wulumuqi
新疆,五五,WWU,wuwu
新疆,乌西,WXI,wuxi
新疆,尾亚,WYA,weiya
新疆,幸福滩,XFT,xingfutan
新疆,新和,XHE,xinhe
新疆,叶城,YCH,yecheng
新疆,鱼儿沟,YEG,yuergou
新疆,盐湖,YHU,yanhu
新疆,英吉沙,YJS,yingjisha
新疆,伊宁东,YND,yiningdong
新疆,伊宁,YNI,yining
新疆,焉耆,YQI,yanqi
新疆,盐泉,YQU,yanquan
新疆,泽普,ZPU,zepu
北京,安定,ADI,anding
北京,八达岭,BDL,badaling
北京,北京北,BJB,beijingbei
北京,北京东,BJD,beijingdong
北京,北京,BJI,beijing
北京,北京南,BJN,beijingnan
北京,北京西,BJX,beijingxi
北京,北宅,BZH,beizhai
北京,昌平北,CPB,changpingbei
北京,昌平,CPI,changping
北京,测试1,CSH,ceshi
北京,大灰厂,DHC,dahuichang
北京,杜家坎所,DJS,dujiakansuo
北京,房山,FSH,fangshan
北京,丰台,FTA,fengtai
北京,丰台西,FTX,fengtaixi
北京,广安门,GAM,guanganmen
北京,官高,GGA,guangao
北京,高各庄,GGZ,gaogezhuang
北京,孤山口,GSK,gushankou
北京,黄村,HCU,huangcun
北京,怀柔北,HRB,huairoubei
北京,怀柔,HRO,huairou
北京,黄土坡,HTP,huangtupo
北京,京联合,JLH,jinglianhe
北京,康庄,KZH,kangzhuang
北京,良各庄,LGZ,lianggezhuang
北京,琉璃河,LLH,liulihe
北京,落坡岭,LPL,luopoling
北京,良乡,LXI,liangxiang
北京,庙城,MCH,miaocheng
北京,密云北,MYB,miyunbei
北京,南观村,NGC,nanguancun
北京,南口,NKO,nankou
北京,苹果园,PGY,pingguoyuan
北京,平峪,PYU,pingyu
北京,清河,QHE,qinghe
北京,清华园,QHY,qinghuayuan
北京,青龙桥,QLQ,qinglongqiao
北京,十渡,SDU,shidu
北京,沙河,SHE,shahe
北京,三合庄,SHZ,sanhezhuang
北京,三家店,SJD,sanjiadian
北京,石景山南,SJN,shijingshannan
北京,双桥,SQI,shuangqiao
北京,上万,SWA,shangwan
北京,顺义,SYI,shunyi
北京,统军庄,TJZ,tongjunzhuang
北京,通州西,TZX,tongzhouxi
北京,魏善庄,WSZ,weishanzhuang
北京,西道口,XDK,xidaokou
北京,斜河涧,XHJ,xiehejian
北京,雁翅,YCH,yanchi
北京,沿河城,YHC,yanhecheng
北京,云居寺,YJS,yunjusi
北京,延庆,YQI,yanqing
北京,燕山,YSH,yanshan
北京,亦庄,YZH,yizhuang
北京,周口店,ZKD,zhoukoudian
北京,珠窝,ZWO,zhuwo
北京,张辛,ZXI,zhangxin
天津,北仓,BCA,beicang
天津,宝坻,BDI,baodi
天津,滨海,BHA,binhai
天津,滨海北,BHB,binhaibei
天津,别山,BSH,bieshan
天津,茶淀,CDI,chadian
天津,崔黄口,CHK,cuihuangkou
天津,曹子里,CZL,caozili
天津,大口屯,DKT,dakoutun
天津,豆张庄,DZZ,douzhangzhuang
天津,汉沽,HGU,hangu
天津,汉沟镇,HGZ,hangouzhen
天津,静海,JHA,jinghai
天津,津沪所,JHS,jinhusuo
天津,京津所,JJS,jingjinsuo
天津,军粮城北,JLB,junliangchengbei
天津,蓟县,JXI,jixian
天津,蓟县南,JXN,jixiannan
天津,芦台,LTA,lutai
天津,南仓,NCA,nancang
天津,南仓所,NCS,nancangsuo
天津,三百吨,SBD,sanbaidun
天津,上仓,SCA,shangcang
天津,泰达,TDA,taida
天津,唐官屯,TGT,tangguantun
天津,塘沽,TGU,tanggu
天津,天津北,TJB,tianjinbei
天津,天津,TJI,tianjin
天津,天津南,TJN,tianjinnan
天津,天津西,TJX,tianjinxi
天津,田庄,TZH,tianzhuang
天津,武清,WQI,wuqing
天津,下仓,XCA,xiacang
天津,杨村,YCU,yangcun
天津,于家堡,YJP,yujiabao
天津,杨柳青,YLQ,yangliuqing
上海,安亭北,ATB,antingbei
上海,车墩,CDU,chedun
上海,漕泾,CJI,caojing
上海,春申,CSH,chunshen
上海,封浜,FBA,fengbang
上海,枫泾,FJI,fengjing
上海,黄渡所,HDS,huangdusuo
上海,黄渡,HDU,huangdu
上海,海湾,HWA,haiwan
上海,金山北,JSB,jinshanbei
上海,金山卫东,JSD,jinshanweidong
上海,金山园区,JSQ,jinshanyuanqu
上海,金山卫,JSW,jinshanwei
上海,金山卫西,JSX,jinshanweixi
上海,芦潮港,LCG,luchaogang
上海,南翔北,NXB,nanxiangbei
上海,南翔北所,NXS,nanxiangbeisuo
上海,七宝,QBA,qibao
上海,上海,SHA,shanghai
上海,上海南,SHN,shanghainan
上海,上海虹桥,SHQ,shanghaihongqiao
上海,上海西,SHX,shanghaixi
上海,松江,SJI,songjiang
上海,松江南,SJN,songjiangnan
上海,四团,STU,situan
上海,山阳,SYA,shanyang
上海,亭林,TLI,tinglin
上海,新桥,XQI,xinqiao
上海,叶榭,YXI,yexie
重庆,北碚,BBE,beibei
重庆,保家楼,BJL,baojialou
重庆,白马,BMA,baima
重庆,白沙,BSH,baisha
重庆,白沙沱,BST,baishatuo
重庆,白涛,BTA,baitao
重庆,重庆北,CQB,chongqingbei
重庆,重庆东,CQD,chongqingdong
重庆,重庆,CQI,chongqing
重庆,重庆南,CQN,chongqingnan
重庆,重庆西,CQX,chongqingxi
重庆,长寿北,CSB,zhangshoubei
重庆,长寿,CSH,zhangshou
重庆,长潭沟,CTG,zhangtangou
重庆,东升坝,DSB,dongshengba
重庆,大足,DZU,dazu
重庆,丰都,FDU,fengdu
重庆,涪陵北,FLB,fulingbei
重庆,涪陵,FLI,fuling
重庆,复盛,FSH,fusheng
重庆,高谷,GGU,gaogu
重庆,甘家坝,GJB,ganjiaba
重庆,赶水,GSH,ganshui
重庆,干溪沟,GXG,ganxigou
重庆,泔溪,GXI,ganxi
重庆,合川,HCH,hechuan
重庆,核桃园,HTY,hetaoyuan
重庆,江津,JJI,jiangjin
重庆,龙池,LCH,longchi
重庆,珞璜,LHU,luohuang
重庆,梁平,LPI,liangping
重庆,洛碛,LQI,luoqi
重庆,蔺市,LSH,linshi
重庆,梨树湾,LSW,lishuwan
重庆,庙坝,MBA,miaoba
重庆,民福寺,MFS,minfusi
重庆,梅江,MJI,meijiang
重庆,麻旺,MWA,mawang
重庆,磨溪,MXI,moxi
重庆,磨心坡,MXP,moxinpo
重庆,南川,NCH,nanchuan
重庆,彭水,PSH,pengshui
重庆,黔江,QJI,qianjiang
重庆,綦江,QJI,qijiang
重庆,七龙星,QLX,qilongxing
重庆,齐岳山,QYS,qiyueshan
重庆,茄子溪,QZX,qiezixi
重庆,荣昌,RCH,rongchang
重庆,三江,SJI,sanjiang
重庆,水江,SJI,shuijiang
重庆,石门坎,SMK,shimenkan
重庆,沙坪坝,SPB,shapingba
重庆,石沱,STU,shituo
重庆,双溪,SXI,shuangxi
重庆,石子坝,SZB,shiziba
重庆,石柱县,SZX,shizhuxian
重庆,铜罐驿,TGY,tongguanyi
重庆,太洪,THO,taihong
重庆,团结村,TJC,tuanjiecun
重庆,唐家沱,TJT,tangjiatuo
重庆,土坎,TKA,tukan
重庆,潼南,TNA,tongnan
重庆,王家坝,WJB,wangjiaba
重庆,武隆,WLO,wulong
重庆,五桥,WQI,wuqiao
重庆,万州,WZH,wanzhou
重庆,夏坝,XBA,xiaba
重庆,小南海,XNH,xiaonanhai
重庆,小南垭,XNY,xiaonanya
重庆,秀山,XSH,xiushan
重庆,鱼背山,YBS,yubeishan
重庆,永川,YCH,yongchuan
重庆,鸭江,YJI,yajiang
重庆,鱼泉,YQU,yuquan
重庆,郁山,YSH,yushan
重庆,酉阳,YYA,youyang
重庆,鱼嘴,YZU,yuzui
重庆,朱杨溪,ZYX,zhuyangxi
重庆,镇紫街,ZZJ,zhenzijie
重庆,中嘴,ZZU,zhongzui
广东,开平,KPI,kaiping
海南,老城镇,LCZ,laochengzhen
海南,福山镇,FSZ,fushanzhen
海南,临高南,LGN,lingaonan
海南,银滩,YTA,yintan
海南,白马井,BMJ,baimajing
海南,棋子湾,QZW,qiziwan
海南,尖峰,JFE,jianfeng
海南,黄流,HLI,huangliu
海南,乐东,LDO,ledong
海南,崖州,YZH,yazhou
四川,苍溪,CXI,cangxi
四川,南部,NBU,nanbu
四川,阆中,LZH,langzhong
贵州,纳雍,NYO,nayong
河南,濮阳,PYA,puyang
湖南,双峰北站,SFB,shuangfengbeizhan
广西,靖西,JXI,jingxi
广西,博白,BBA,bobai
四川,武胜,WSH,Wusheng
河北,胜芳,SHF,shengfang
重庆,璧山,BSH,bishan
河北,白洋淀,BYD,baiyangdian
河南,永城,YCH,yongcheng
黑龙江,同江,TJI,tongjiang
河南,光山,GSH,guangshan
湖南,邵东,ShD,shaodong
湖南,冷水滩,LST,lengshuitan
安徽,萧县北,XXB,xiaoxianbei
四川,平昌,PCH,pingchang